ESTUDIANTE,PERIODO,PERIODO_KEY,facultad,carrera,nivel,materias_cursadas,promedio_periodo,asistencia_prom,reprobadas,aprobadas,max_no_vez,repitencia_prom,tasa_reprobacion,es_ultimo_periodo,DESERCION_NEXT
Estudiante 1,2024 - 2025 CII,"(2024, 2, 'CII')",CIENCIAS MATEMATICAS Y FISICAS,CIENCIA DE DATOS E INTELIGENCIA ARTIFICIAL,1,7,0.0,0.0,7,0,1,1.0,1.0,True,1
Estudiante 10,2024 - 2025 CII,"(2024, 2, 'CII')",CIENCIAS MATEMATICAS Y FISICAS,CIENCIA DE DATOS E INTELIGENCIA ARTIFICIAL,1,7,9.072857142857142,98.42857142857144,0,7,1,1.0,0.0,False,0
Estudiante 100,2023 - 2024 CII,"(2023, 2, 'CII')",CIENCIAS MATEMATICAS Y FISICAS,CIENCIA DE DATOS E INTELIGENCIA ARTIFICIAL,1,5,8.416,95.6,0,5,1,1.0,0.0,False,0
Estudiante 100,2024 - 2025 CI,"(2024, 1, 'CI')",CIENCIAS MATEMATICAS Y FISICAS,CIENCIA DE DATOS E INTELIGENCIA ARTIFICIAL,2,6,7.828333333333333,74.0,1,5,1,1.0,0.1666666666666666,False,0
Estudiante 100,2024 - 2025 CII,"(2024, 2, 'CII')",CIENCIAS MATEMATICAS Y FISICAS,CIENCIA DE DATOS E INTELIGENCIA ARTIFICIAL,3,5,8.136,72.8,0,5,2,1.2,0.0,False,0
Estudiante 101,2024 - 2025 CII,"(2024, 2, 'CII')",CIENCIAS MATEMATICAS Y FISICAS,CIENCIA DE DATOS E INTELIGENCIA ARTIFICIAL,1,1,0.0,0.0,1,0,1,1.0,1.0,True,1
Estudiante 102,2024 - 2025 CII,"(2024, 2, 'CII')",CIENCIAS MATEMATICAS Y FISICAS,CIENCIA DE DATOS E INTELIGENCIA ARTIFICIAL,1,1,7.43,90.0,0,1,1,1.0,0.0,True,1
Estudiante 103,2024 - 2025 CII,"(2024, 2, 'CII')",CIENCIAS MATEMATICAS Y FISICAS,CIENCIA DE DATOS E INTELIGENCIA ARTIFICIAL,1,1,9.0,97.0,0,1,1,1.0,0.0,True,1
Estudiante 104,2024 - 2025 CII,"(2024, 2, 'CII')",CIENCIAS MATEMATICAS Y FISICAS,CIENCIA DE DATOS E INTELIGENCIA ARTIFICIAL,1,1,0.0,0.0,1,0,1,1.0,1.0,True,1
Estudiante 105,2024 - 2025 CII,"(2024, 2, 'CII')",CIENCIAS MATEMATICAS Y FISICAS,CIENCIA DE DATOS E INTELIGENCIA ARTIFICIAL,1,1,0.0,0.0,1,0,1,1.0,1.0,True,1
Estudiante 106,2024 - 2025 CII,"(2024, 2, 'CII')",CIENCIAS MATEMATICAS Y FISICAS,CIENCIA DE DATOS E INTELIGENCIA ARTIFICIAL,1,1,7.44,100.0,0,1,1,1.0,0.0,False,0
Estudiante 107,2024 - 2025 CI,"(2024, 1, 'CI')",CIENCIAS MATEMATICAS Y FISICAS,CIENCIA DE DATOS E INTELIGENCIA ARTIFICIAL,1,7,9.151428571428571,97.28571428571428,0,7,1,1.0,0.0,False,0
Estudiante 107,2024 - 2025 CII,"(2024, 2, 'CII')",CIENCIAS MATEMATICAS Y FISICAS,CIENCIA DE DATOS E INTELIGENCIA ARTIFICIAL,2,7,9.042857142857144,97.85714285714286,0,7,1,1.0,0.0,False,0
Estudiante 108,2024 - 2025 CI,"(2024, 1, 'CI')",CIENCIAS MATEMATICAS Y FISICAS,CIENCIA DE DATOS E INTELIGENCIA ARTIFICIAL,1,7,9.292857142857144,98.0,0,7,1,1.0,0.0,False,0
Estudiante 108,2024 - 2025 CII,"(2024, 2, 'CII')",CIENCIAS MATEMATICAS Y FISICAS,CIENCIA DE DATOS E INTELIGENCIA ARTIFICIAL,2,7,8.904285714285715,98.57142857142856,0,7,1,1.0,0.0,False,0
Estudiante 109,2024 - 2025 CI,"(2024, 1, 'CI')",CIENCIAS MATEMATICAS Y FISICAS,CIENCIA DE DATOS E INTELIGENCIA ARTIFICIAL,1,7,7.662857142857143,94.42857142857144,0,7,1,1.0,0.0,False,0
Estudiante 109,2024 - 2025 CII,"(2024, 2, 'CII')",CIENCIAS MATEMATICAS Y FISICAS,CIENCIA DE DATOS E INTELIGENCIA ARTIFICIAL,2,7,8.064285714285713,95.0,0,7,1,1.0,0.0,False,0
Estudiante 11,2024 - 2025 CII,"(2024, 2, 'CII')",CIENCIAS MATEMATICAS Y FISICAS,CIENCIA DE DATOS E INTELIGENCIA ARTIFICIAL,1,7,8.677142857142858,98.85714285714286,0,7,1,1.0,0.0,False,0
Estudiante 110,2024 - 2025 CI,"(2024, 1, 'CI')",CIENCIAS MATEMATICAS Y FISICAS,CIENCIA DE DATOS E INTELIGENCIA ARTIFICIAL,1,7,8.905714285714286,97.42857142857144,0,7,1,1.0,0.0,False,0
Estudiante 110,2024 - 2025 CII,"(2024, 2, 'CII')",CIENCIAS MATEMATICAS Y FISICAS,CIENCIA DE DATOS E INTELIGENCIA ARTIFICIAL,2,7,8.811428571428571,96.42857142857144,0,7,1,1.0,0.0,False,0
Estudiante 111,2024 - 2025 CI,"(2024, 1, 'CI')",CIENCIAS MATEMATICAS Y FISICAS,CIENCIA DE DATOS E INTELIGENCIA ARTIFICIAL,1,7,7.78,98.0,0,7,1,1.0,0.0,False,0
Estudiante 111,2024 - 2025 CII,"(2024, 2, 'CII')",CIENCIAS MATEMATICAS Y FISICAS,CIENCIA DE DATOS E INTELIGENCIA ARTIFICIAL,2,7,7.868571428571428,98.0,0,7,1,1.0,0.0,False,0
Estudiante 112,2024 - 2025 CI,"(2024, 1, 'CI')",CIENCIAS MATEMATICAS Y FISICAS,CIENCIA DE DATOS E INTELIGENCIA ARTIFICIAL,1,7,9.391428571428571,99.0,0,7,1,1.0,0.0,False,0
Estudiante 112,2024 - 2025 CII,"(2024, 2, 'CII')",CIENCIAS MATEMATICAS Y FISICAS,CIENCIA DE DATOS E INTELIGENCIA ARTIFICIAL,2,7,9.207142857142856,96.28571428571428,0,7,1,1.0,0.0,False,0
Estudiante 113,2023 - 2024 CII,"(2023, 2, 'CII')",CIENCIAS MATEMATICAS Y FISICAS,CIENCIA DE DATOS E INTELIGENCIA ARTIFICIAL,1,7,7.525714285714286,93.0,1,6,1,1.0,0.1428571428571428,False,0
Estudiante 113,2024 - 2025 CI,"(2024, 1, 'CI')",CIENCIAS MATEMATICAS Y FISICAS,CIENCIA DE DATOS E INTELIGENCIA ARTIFICIAL,2,6,7.905,90.0,1,5,2,1.1666666666666667,0.1666666666666666,False,0
Estudiante 113,2024 - 2025 CII,"(2024, 2, 'CII')",CIENCIAS MATEMATICAS Y FISICAS,CIENCIA DE DATOS E INTELIGENCIA ARTIFICIAL,3,6,6.2316666666666665,79.83333333333333,3,3,2,1.1666666666666667,0.5,True,1
Estudiante 114,2024 - 2025 CI,"(2024, 1, 'CI')",CIENCIAS MATEMATICAS Y FISICAS,CIENCIA DE DATOS E INTELIGENCIA ARTIFICIAL,1,7,9.08,99.42857142857144,0,7,1,1.0,0.0,False,0
Estudiante 114,2024 - 2025 CII,"(2024, 2, 'CII')",CIENCIAS MATEMATICAS Y FISICAS,CIENCIA DE DATOS E INTELIGENCIA ARTIFICIAL,2,7,0.1542857142857143,6.285714285714286,7,0,1,1.0,1.0,True,1
Estudiante 115,2024 - 2025 CI,"(2024, 1, 'CI')",CIENCIAS MATEMATICAS Y FISICAS,CIENCIA DE DATOS E INTELIGENCIA ARTIFICIAL,1,7,8.308571428571428,99.0,0,7,1,1.0,0.0,False,0
Estudiante 115,2024 - 2025 CII,"(2024, 2, 'CII')",CIENCIAS MATEMATICAS Y FISICAS,CIENCIA DE DATOS E INTELIGENCIA ARTIFICIAL,2,7,6.898571428571429,94.71428571428572,3,4,1,1.0,0.4285714285714285,False,0
Estudiante 116,2023 - 2024 CII,"(2023, 2, 'CII')",CIENCIAS MATEMATICAS Y FISICAS,CIENCIA DE DATOS E INTELIGENCIA ARTIFICIAL,1,7,8.141428571428571,95.71428571428572,0,7,1,1.0,0.0,False,0
Estudiante 116,2024 - 2025 CI,"(2024, 1, 'CI')",CIENCIAS MATEMATICAS Y FISICAS,CIENCIA DE DATOS E INTELIGENCIA ARTIFICIAL,2,7,7.704285714285715,96.42857142857144,2,5,1,1.0,0.2857142857142857,False,0
Estudiante 116,2024 - 2025 CII,"(2024, 2, 'CII')",CIENCIAS MATEMATICAS Y FISICAS,CIENCIA DE DATOS E INTELIGENCIA ARTIFICIAL,3,5,8.348,100.0,0,5,2,1.4,0.0,False,0
Estudiante 117,2024 - 2025 CI,"(2024, 1, 'CI')",CIENCIAS MATEMATICAS Y FISICAS,CIENCIA DE DATOS E INTELIGENCIA ARTIFICIAL,1,7,9.171428571428573,99.28571428571428,0,7,1,1.0,0.0,False,0
Estudiante 117,2024 - 2025 CII,"(2024, 2, 'CII')",CIENCIAS MATEMATICAS Y FISICAS,CIENCIA DE DATOS E INTELIGENCIA ARTIFICIAL,2,6,8.905,99.0,0,6,1,1.0,0.0,False,0
Estudiante 118,2024 - 2025 CI,"(2024, 1, 'CI')",CIENCIAS MATEMATICAS Y FISICAS,CIENCIA DE DATOS E INTELIGENCIA ARTIFICIAL,1,7,8.562857142857142,99.0,0,7,1,1.0,0.0,False,0
Estudiante 118,2024 - 2025 CII,"(2024, 2, 'CII')",CIENCIAS MATEMATICAS Y FISICAS,CIENCIA DE DATOS E INTELIGENCIA ARTIFICIAL,2,7,7.438571428571429,94.42857142857144,1,6,1,1.0,0.1428571428571428,False,0
Estudiante 119,2024 - 2025 CI,"(2024, 1, 'CI')",CIENCIAS MATEMATICAS Y FISICAS,CIENCIA DE DATOS E INTELIGENCIA ARTIFICIAL,1,7,9.008571428571427,95.42857142857144,0,7,1,1.0,0.0,False,0
Estudiante 119,2024 - 2025 CII,"(2024, 2, 'CII')",CIENCIAS MATEMATICAS Y FISICAS,CIENCIA DE DATOS E INTELIGENCIA ARTIFICIAL,2,7,8.712857142857143,93.28571428571428,0,7,1,1.0,0.0,False,0
Estudiante 12,2024 - 2025 CII,"(2024, 2, 'CII')",CIENCIAS MATEMATICAS Y FISICAS,CIENCIA DE DATOS E INTELIGENCIA ARTIFICIAL,1,7,8.57,98.42857142857144,0,7,1,1.0,0.0,False,0
Estudiante 120,2023 - 2024 CII,"(2023, 2, 'CII')",CIENCIAS MATEMATICAS Y FISICAS,CIENCIA DE DATOS E INTELIGENCIA ARTIFICIAL,1,7,8.147142857142857,99.14285714285714,1,6,1,1.0,0.1428571428571428,False,0
Estudiante 120,2024 - 2025 CI,"(2024, 1, 'CI')",CIENCIAS MATEMATICAS Y FISICAS,CIENCIA DE DATOS E INTELIGENCIA ARTIFICIAL,2,6,7.971666666666667,97.66666666666669,1,5,2,1.1666666666666667,0.1666666666666666,False,0
Estudiante 120,2024 - 2025 CII,"(2024, 2, 'CII')",CIENCIAS MATEMATICAS Y FISICAS,CIENCIA DE DATOS E INTELIGENCIA ARTIFICIAL,3,6,7.438333333333333,95.33333333333331,1,5,2,1.1666666666666667,0.1666666666666666,False,0
Estudiante 121,2024 - 2025 CI,"(2024, 1, 'CI')",CIENCIAS MATEMATICAS Y FISICAS,CIENCIA DE DATOS E INTELIGENCIA ARTIFICIAL,1,7,8.84,99.14285714285714,0,7,1,1.0,0.0,False,0
Estudiante 121,2024 - 2025 CII,"(2024, 2, 'CII')",CIENCIAS MATEMATICAS Y FISICAS,CIENCIA DE DATOS E INTELIGENCIA ARTIFICIAL,2,7,8.774285714285714,97.0,0,7,1,1.0,0.0,False,0
Estudiante 122,2024 - 2025 CI,"(2024, 1, 'CI')",CIENCIAS MATEMATICAS Y FISICAS,CIENCIA DE DATOS E INTELIGENCIA ARTIFICIAL,1,7,8.838571428571429,100.0,0,7,1,1.0,0.0,False,0
Estudiante 122,2024 - 2025 CII,"(2024, 2, 'CII')",CIENCIAS MATEMATICAS Y FISICAS,CIENCIA DE DATOS E INTELIGENCIA ARTIFICIAL,2,7,0.8057142857142857,10.714285714285714,7,0,1,1.0,1.0,True,1
Estudiante 123,2024 - 2025 CI,"(2024, 1, 'CI')",CIENCIAS MATEMATICAS Y FISICAS,CIENCIA DE DATOS E INTELIGENCIA ARTIFICIAL,1,7,8.127142857142857,94.14285714285714,0,7,1,1.0,0.0,False,0
Estudiante 123,2024 - 2025 CII,"(2024, 2, 'CII')",CIENCIAS MATEMATICAS Y FISICAS,CIENCIA DE DATOS E INTELIGENCIA ARTIFICIAL,2,7,8.017142857142856,93.14285714285714,1,6,1,1.0,0.1428571428571428,False,0
Estudiante 124,2024 - 2025 CI,"(2024, 1, 'CI')",CIENCIAS MATEMATICAS Y FISICAS,CIENCIA DE DATOS E INTELIGENCIA ARTIFICIAL,1,7,8.495714285714286,100.0,0,7,1,1.0,0.0,False,0
Estudiante 124,2024 - 2025 CII,"(2024, 2, 'CII')",CIENCIAS MATEMATICAS Y FISICAS,CIENCIA DE DATOS E INTELIGENCIA ARTIFICIAL,2,7,8.321428571428571,98.42857142857144,0,7,1,1.0,0.0,False,0
Estudiante 125,2024 - 2025 CI,"(2024, 1, 'CI')",CIENCIAS MATEMATICAS Y FISICAS,CIENCIA DE DATOS E INTELIGENCIA ARTIFICIAL,1,7,8.961428571428572,100.0,0,7,1,1.0,0.0,False,0
Estudiante 125,2024 - 2025 CII,"(2024, 2, 'CII')",CIENCIAS MATEMATICAS Y FISICAS,CIENCIA DE DATOS E INTELIGENCIA ARTIFICIAL,2,7,8.624285714285715,99.14285714285714,1,6,1,1.0,0.1428571428571428,False,0
Estudiante 126,2024 - 2025 CI,"(2024, 1, 'CI')",CIENCIAS MATEMATICAS Y FISICAS,CIENCIA DE DATOS E INTELIGENCIA ARTIFICIAL,1,7,9.105714285714289,94.42857142857144,0,7,1,1.0,0.0,False,0
Estudiante 126,2024 - 2025 CII,"(2024, 2, 'CII')",CIENCIAS MATEMATICAS Y FISICAS,CIENCIA DE DATOS E INTELIGENCIA ARTIFICIAL,2,7,0.0,0.0,7,0,1,1.0,1.0,True,1
Estudiante 127,2024 - 2025 CI,"(2024, 1, 'CI')",CIENCIAS MATEMATICAS Y FISICAS,CIENCIA DE DATOS E INTELIGENCIA ARTIFICIAL,1,7,8.484285714285715,98.71428571428572,0,7,1,1.0,0.0,False,0
Estudiante 127,2024 - 2025 CII,"(2024, 2, 'CII')",CIENCIAS MATEMATICAS Y FISICAS,CIENCIA DE DATOS E INTELIGENCIA ARTIFICIAL,2,7,8.592857142857143,96.42857142857144,0,7,1,1.0,0.0,False,0
Estudiante 128,2024 - 2025 CI,"(2024, 1, 'CI')",CIENCIAS MATEMATICAS Y FISICAS,CIENCIA DE DATOS E INTELIGENCIA ARTIFICIAL,1,7,8.707142857142857,99.0,0,7,1,1.0,0.0,False,0
Estudiante 128,2024 - 2025 CII,"(2024, 2, 'CII')",CIENCIAS MATEMATICAS Y FISICAS,CIENCIA DE DATOS E INTELIGENCIA ARTIFICIAL,2,7,8.777142857142858,99.14285714285714,0,7,1,1.0,0.0,False,0
Estudiante 129,2024 - 2025 CI,"(2024, 1, 'CI')",CIENCIAS MATEMATICAS Y FISICAS,CIENCIA DE DATOS E INTELIGENCIA ARTIFICIAL,1,7,9.124285714285715,99.42857142857144,0,7,1,1.0,0.0,False,0
Estudiante 129,2024 - 2025 CII,"(2024, 2, 'CII')",CIENCIAS MATEMATICAS Y FISICAS,CIENCIA DE DATOS E INTELIGENCIA ARTIFICIAL,2,7,9.39,98.42857142857144,0,7,1,1.0,0.0,False,0
Estudiante 13,2024 - 2025 CII,"(2024, 2, 'CII')",CIENCIAS MATEMATICAS Y FISICAS,CIENCIA DE DATOS E INTELIGENCIA ARTIFICIAL,1,7,8.472857142857142,97.85714285714286,0,7,1,1.0,0.0,False,0
Estudiante 130,2024 - 2025 CI,"(2024, 1, 'CI')",CIENCIAS MATEMATICAS Y FISICAS,CIENCIA DE DATOS E INTELIGENCIA ARTIFICIAL,1,7,8.398571428571428,100.0,0,7,1,1.0,0.0,False,0
Estudiante 130,2024 - 2025 CII,"(2024, 2, 'CII')",CIENCIAS MATEMATICAS Y FISICAS,CIENCIA DE DATOS E INTELIGENCIA ARTIFICIAL,2,7,7.792857142857144,97.71428571428572,1,6,1,1.0,0.1428571428571428,False,0
Estudiante 131,2024 - 2025 CI,"(2024, 1, 'CI')",CIENCIAS MATEMATICAS Y FISICAS,CIENCIA DE DATOS E INTELIGENCIA ARTIFICIAL,1,7,9.348571428571429,100.0,0,7,1,1.0,0.0,False,0
Estudiante 131,2024 - 2025 CII,"(2024, 2, 'CII')",CIENCIAS MATEMATICAS Y FISICAS,CIENCIA DE DATOS E INTELIGENCIA ARTIFICIAL,2,7,9.255714285714284,99.14285714285714,0,7,1,1.0,0.0,False,0
Estudiante 132,2024 - 2025 CI,"(2024, 1, 'CI')",CIENCIAS MATEMATICAS Y FISICAS,CIENCIA DE DATOS E INTELIGENCIA ARTIFICIAL,1,7,9.19,100.0,0,7,1,1.0,0.0,False,0
Estudiante 132,2024 - 2025 CII,"(2024, 2, 'CII')",CIENCIAS MATEMATICAS Y FISICAS,CIENCIA DE DATOS E INTELIGENCIA ARTIFICIAL,2,7,9.005714285714285,99.14285714285714,0,7,1,1.0,0.0,False,0
Estudiante 133,2024 - 2025 CI,"(2024, 1, 'CI')",CIENCIAS MATEMATICAS Y FISICAS,CIENCIA DE DATOS E INTELIGENCIA ARTIFICIAL,1,7,8.545714285714286,100.0,0,7,1,1.0,0.0,False,0
Estudiante 133,2024 - 2025 CII,"(2024, 2, 'CII')",CIENCIAS MATEMATICAS Y FISICAS,CIENCIA DE DATOS E INTELIGENCIA ARTIFICIAL,2,7,8.31857142857143,98.57142857142856,0,7,1,1.0,0.0,False,0
Estudiante 134,2023 - 2024 CII,"(2023, 2, 'CII')",CIENCIAS MATEMATICAS Y FISICAS,CIENCIA DE DATOS E INTELIGENCIA ARTIFICIAL,1,8,8.20375,74.5,0,8,1,0.75,0.0,False,0
Estudiante 134,2024 - 2025 CI,"(2024, 1, 'CI')",CIENCIAS MATEMATICAS Y FISICAS,CIENCIA DE DATOS E INTELIGENCIA ARTIFICIAL,2,7,7.664285714285714,97.42857142857144,1,6,1,1.0,0.1428571428571428,False,0
Estudiante 134,2024 - 2025 CII,"(2024, 2, 'CII')",CIENCIAS MATEMATICAS Y FISICAS,CIENCIA DE DATOS E INTELIGENCIA ARTIFICIAL,3,6,8.781666666666666,98.33333333333331,0,6,2,1.1666666666666667,0.0,False,0
Estudiante 135,2024 - 2025 CI,"(2024, 1, 'CI')",CIENCIAS MATEMATICAS Y FISICAS,CIENCIA DE DATOS E INTELIGENCIA ARTIFICIAL,1,7,9.11,98.42857142857144,0,7,1,1.0,0.0,False,0
Estudiante 135,2024 - 2025 CII,"(2024, 2, 'CII')",CIENCIAS MATEMATICAS Y FISICAS,CIENCIA DE DATOS E INTELIGENCIA ARTIFICIAL,2,7,9.212857142857144,96.28571428571428,0,7,1,1.0,0.0,False,0
Estudiante 136,2024 - 2025 CI,"(2024, 1, 'CI')",CIENCIAS MATEMATICAS Y FISICAS,CIENCIA DE DATOS E INTELIGENCIA ARTIFICIAL,1,7,7.845714285714286,95.57142857142856,1,6,1,1.0,0.1428571428571428,False,0
Estudiante 136,2024 - 2025 CII,"(2024, 2, 'CII')",CIENCIAS MATEMATICAS Y FISICAS,CIENCIA DE DATOS E INTELIGENCIA ARTIFICIAL,2,5,0.0,0.0,5,0,1,1.0,1.0,True,1
Estudiante 137,2024 - 2025 CI,"(2024, 1, 'CI')",CIENCIAS MATEMATICAS Y FISICAS,CIENCIA DE DATOS E INTELIGENCIA ARTIFICIAL,1,7,9.244285714285716,93.14285714285714,0,7,1,1.0,0.0,False,0
Estudiante 137,2024 - 2025 CII,"(2024, 2, 'CII')",CIENCIAS MATEMATICAS Y FISICAS,CIENCIA DE DATOS E INTELIGENCIA ARTIFICIAL,2,7,9.301428571428572,96.57142857142856,0,7,1,1.0,0.0,False,0
Estudiante 138,2024 - 2025 CI,"(2024, 1, 'CI')",CIENCIAS MATEMATICAS Y FISICAS,CIENCIA DE DATOS E INTELIGENCIA ARTIFICIAL,1,5,9.182,100.0,0,5,1,1.0,0.0,False,0
Estudiante 138,2024 - 2025 CII,"(2024, 2, 'CII')",CIENCIAS MATEMATICAS Y FISICAS,CIENCIA DE DATOS E INTELIGENCIA ARTIFICIAL,2,6,8.706666666666667,98.33333333333331,0,6,1,1.0,0.0,False,0
Estudiante 139,2024 - 2025 CI,"(2024, 1, 'CI')",CIENCIAS MATEMATICAS Y FISICAS,CIENCIA DE DATOS E INTELIGENCIA ARTIFICIAL,1,7,8.662857142857144,98.85714285714286,0,7,1,1.0,0.0,False,0
Estudiante 139,2024 - 2025 CII,"(2024, 2, 'CII')",CIENCIAS MATEMATICAS Y FISICAS,CIENCIA DE DATOS E INTELIGENCIA ARTIFICIAL,2,7,8.197142857142856,94.42857142857144,1,6,1,1.0,0.1428571428571428,False,0
Estudiante 14,2024 - 2025 CII,"(2024, 2, 'CII')",CIENCIAS MATEMATICAS Y FISICAS,CIENCIA DE DATOS E INTELIGENCIA ARTIFICIAL,1,7,0.0,0.0,7,0,1,1.0,1.0,True,1
Estudiante 140,2024 - 2025 CI,"(2024, 1, 'CI')",CIENCIAS MATEMATICAS Y FISICAS,CIENCIA DE DATOS E INTELIGENCIA ARTIFICIAL,1,7,8.564285714285715,99.14285714285714,0,7,1,1.0,0.0,False,0
Estudiante 140,2024 - 2025 CII,"(2024, 2, 'CII')",CIENCIAS MATEMATICAS Y FISICAS,CIENCIA DE DATOS E INTELIGENCIA ARTIFICIAL,2,7,8.285714285714286,99.14285714285714,0,7,1,1.0,0.0,False,0
Estudiante 141,2024 - 2025 CI,"(2024, 1, 'CI')",CIENCIAS MATEMATICAS Y FISICAS,CIENCIA DE DATOS E INTELIGENCIA ARTIFICIAL,1,7,9.051428571428572,100.0,0,7,1,1.0,0.0,False,0
Estudiante 141,2024 - 2025 CII,"(2024, 2, 'CII')",CIENCIAS MATEMATICAS Y FISICAS,CIENCIA DE DATOS E INTELIGENCIA ARTIFICIAL,2,7,9.02,99.14285714285714,0,7,1,1.0,0.0,False,0
Estudiante 142,2024 - 2025 CI,"(2024, 1, 'CI')",CIENCIAS MATEMATICAS Y FISICAS,CIENCIA DE DATOS E INTELIGENCIA ARTIFICIAL,1,7,9.367142857142856,100.0,0,7,1,1.0,0.0,False,0
Estudiante 142,2024 - 2025 CII,"(2024, 2, 'CII')",CIENCIAS MATEMATICAS Y FISICAS,CIENCIA DE DATOS E INTELIGENCIA ARTIFICIAL,2,7,9.595714285714283,99.14285714285714,0,7,1,1.0,0.0,False,0
Estudiante 143,2024 - 2025 CI,"(2024, 1, 'CI')",CIENCIAS MATEMATICAS Y FISICAS,CIENCIA DE DATOS E INTELIGENCIA ARTIFICIAL,1,7,8.814285714285715,100.0,0,7,1,1.0,0.0,False,0
Estudiante 143,2024 - 2025 CII,"(2024, 2, 'CII')",CIENCIAS MATEMATICAS Y FISICAS,CIENCIA DE DATOS E INTELIGENCIA ARTIFICIAL,2,7,8.424285714285714,92.28571428571428,1,6,1,1.0,0.1428571428571428,False,0
Estudiante 144,2024 - 2025 CI,"(2024, 1, 'CI')",CIENCIAS MATEMATICAS Y FISICAS,CIENCIA DE DATOS E INTELIGENCIA ARTIFICIAL,1,7,9.845714285714283,100.0,0,7,1,1.0,0.0,False,0
Estudiante 144,2024 - 2025 CII,"(2024, 2, 'CII')",CIENCIAS MATEMATICAS Y FISICAS,CIENCIA DE DATOS E INTELIGENCIA ARTIFICIAL,2,7,9.76142857142857,98.42857142857144,0,7,1,1.0,0.0,False,0
Estudiante 145,2024 - 2025 CI,"(2024, 1, 'CI')",CIENCIAS MATEMATICAS Y FISICAS,CIENCIA DE DATOS E INTELIGENCIA ARTIFICIAL,1,7,8.218571428571428,94.42857142857144,0,7,1,1.0,0.0,False,0
Estudiante 145,2024 - 2025 CII,"(2024, 2, 'CII')",CIENCIAS MATEMATICAS Y FISICAS,CIENCIA DE DATOS E INTELIGENCIA ARTIFICIAL,2,7,8.862857142857143,96.14285714285714,0,7,1,1.0,0.0,False,0
Estudiante 146,2024 - 2025 CI,"(2024, 1, 'CI')",CIENCIAS MATEMATICAS Y FISICAS,CIENCIA DE DATOS E INTELIGENCIA ARTIFICIAL,1,7,9.477142857142857,98.71428571428572,0,7,1,1.0,0.0,False,0
Estudiante 146,2024 - 2025 CII,"(2024, 2, 'CII')",CIENCIAS MATEMATICAS Y FISICAS,CIENCIA DE DATOS E INTELIGENCIA ARTIFICIAL,2,7,9.357142857142858,98.57142857142856,0,7,1,1.0,0.0,False,0
Estudiante 147,2024 - 2025 CI,"(2024, 1, 'CI')",CIENCIAS MATEMATICAS Y FISICAS,CIENCIA DE DATOS E INTELIGENCIA ARTIFICIAL,1,7,8.805714285714286,99.42857142857144,0,7,1,1.0,0.0,False,0
Estudiante 147,2024 - 2025 CII,"(2024, 2, 'CII')",CIENCIAS MATEMATICAS Y FISICAS,CIENCIA DE DATOS E INTELIGENCIA ARTIFICIAL,2,7,8.747142857142858,98.14285714285714,0,7,1,1.0,0.0,False,0
Estudiante 148,2024 - 2025 CI,"(2024, 1, 'CI')",CIENCIAS MATEMATICAS Y FISICAS,CIENCIA DE DATOS E INTELIGENCIA ARTIFICIAL,1,7,8.76,97.71428571428572,0,7,1,1.0,0.0,False,0
Estudiante 148,2024 - 2025 CII,"(2024, 2, 'CII')",CIENCIAS MATEMATICAS Y FISICAS,CIENCIA DE DATOS E INTELIGENCIA ARTIFICIAL,2,7,8.955714285714285,97.0,0,7,1,1.0,0.0,False,0
Estudiante 149,2024 - 2025 CI,"(2024, 1, 'CI')",CIENCIAS MATEMATICAS Y FISICAS,CIENCIA DE DATOS E INTELIGENCIA ARTIFICIAL,1,7,9.31,99.42857142857144,0,7,1,1.0,0.0,False,0
Estudiante 149,2024 - 2025 CII,"(2024, 2, 'CII')",CIENCIAS MATEMATICAS Y FISICAS,CIENCIA DE DATOS E INTELIGENCIA ARTIFICIAL,2,7,9.082857142857142,99.14285714285714,0,7,1,1.0,0.0,False,0
Estudiante 15,2024 - 2025 CII,"(2024, 2, 'CII')",CIENCIAS MATEMATICAS Y FISICAS,CIENCIA DE DATOS E INTELIGENCIA ARTIFICIAL,1,7,8.901428571428571,98.42857142857144,0,7,1,1.0,0.0,False,0
Estudiante 150,2023 - 2024 CII,"(2023, 2, 'CII')",CIENCIAS MATEMATICAS Y FISICAS,CIENCIA DE DATOS E INTELIGENCIA ARTIFICIAL,1,7,8.904285714285715,100.0,0,7,1,1.0,0.0,False,0
Estudiante 150,2024 - 2025 CI,"(2024, 1, 'CI')",CIENCIAS MATEMATICAS Y FISICAS,CIENCIA DE DATOS E INTELIGENCIA ARTIFICIAL,2,7,2.665714285714286,36.285714285714285,6,1,1,1.0,0.8571428571428571,False,0
Estudiante 150,2024 - 2025 CII,"(2024, 2, 'CII')",CIENCIAS MATEMATICAS Y FISICAS,CIENCIA DE DATOS E INTELIGENCIA ARTIFICIAL,3,8,9.3975,93.125,0,8,2,1.75,0.0,False,0
Estudiante 151,2024 - 2025 CI,"(2024, 1, 'CI')",CIENCIAS MATEMATICAS Y FISICAS,CIENCIA DE DATOS E INTELIGENCIA ARTIFICIAL,1,7,9.731428571428571,99.42857142857144,0,7,1,1.0,0.0,False,0
Estudiante 151,2024 - 2025 CII,"(2024, 2, 'CII')",CIENCIAS MATEMATICAS Y FISICAS,CIENCIA DE DATOS E INTELIGENCIA ARTIFICIAL,2,7,9.75,97.85714285714286,0,7,1,1.0,0.0,False,0
Estudiante 152,2024 - 2025 CI,"(2024, 1, 'CI')",CIENCIAS MATEMATICAS Y FISICAS,CIENCIA DE DATOS E INTELIGENCIA ARTIFICIAL,1,7,8.714285714285714,82.0,0,7,1,1.0,0.0,False,0
Estudiante 152,2024 - 2025 CII,"(2024, 2, 'CII')",CIENCIAS MATEMATICAS Y FISICAS,CIENCIA DE DATOS E INTELIGENCIA ARTIFICIAL,2,7,9.65,97.42857142857144,0,7,1,1.0,0.0,False,0
Estudiante 153,2023 - 2024 CII,"(2023, 2, 'CII')",CIENCIAS MATEMATICAS Y FISICAS,CIENCIA DE DATOS E INTELIGENCIA ARTIFICIAL,1,7,8.187142857142858,97.42857142857144,1,6,1,1.0,0.1428571428571428,False,0
Estudiante 153,2024 - 2025 CI,"(2024, 1, 'CI')",CIENCIAS MATEMATICAS Y FISICAS,CIENCIA DE DATOS E INTELIGENCIA ARTIFICIAL,2,6,7.986666666666667,98.5,1,5,2,1.1666666666666667,0.1666666666666666,False,0
Estudiante 153,2024 - 2025 CII,"(2024, 2, 'CII')",CIENCIAS MATEMATICAS Y FISICAS,CIENCIA DE DATOS E INTELIGENCIA ARTIFICIAL,3,6,8.888333333333334,97.83333333333331,0,6,2,1.1666666666666667,0.0,False,0
Estudiante 154,2023 - 2024 CII,"(2023, 2, 'CII')",CIENCIAS MATEMATICAS Y FISICAS,CIENCIA DE DATOS E INTELIGENCIA ARTIFICIAL,1,7,8.002857142857142,91.14285714285714,1,6,1,1.0,0.1428571428571428,False,0
Estudiante 154,2024 - 2025 CI,"(2024, 1, 'CI')",CIENCIAS MATEMATICAS Y FISICAS,CIENCIA DE DATOS E INTELIGENCIA ARTIFICIAL,2,6,7.3066666666666675,77.16666666666667,1,5,2,1.1666666666666667,0.1666666666666666,False,0
Estudiante 154,2024 - 2025 CII,"(2024, 2, 'CII')",CIENCIAS MATEMATICAS Y FISICAS,CIENCIA DE DATOS E INTELIGENCIA ARTIFICIAL,3,6,6.8933333333333335,68.83333333333333,1,5,2,1.1666666666666667,0.1666666666666666,False,0
Estudiante 155,2024 - 2025 CI,"(2024, 1, 'CI')",CIENCIAS MATEMATICAS Y FISICAS,CIENCIA DE DATOS E INTELIGENCIA ARTIFICIAL,1,7,8.374285714285714,98.57142857142856,1,6,1,1.0,0.1428571428571428,False,0
Estudiante 155,2024 - 2025 CII,"(2024, 2, 'CII')",CIENCIAS MATEMATICAS Y FISICAS,CIENCIA DE DATOS E INTELIGENCIA ARTIFICIAL,2,6,7.946666666666666,93.66666666666669,0,6,1,1.0,0.0,False,0
Estudiante 156,2024 - 2025 CI,"(2024, 1, 'CI')",CIENCIAS MATEMATICAS Y FISICAS,CIENCIA DE DATOS E INTELIGENCIA ARTIFICIAL,1,7,6.634285714285714,80.85714285714286,1,6,1,1.0,0.1428571428571428,False,0
Estudiante 156,2024 - 2025 CII,"(2024, 2, 'CII')",CIENCIAS MATEMATICAS Y FISICAS,CIENCIA DE DATOS E INTELIGENCIA ARTIFICIAL,2,6,2.631666666666667,38.0,6,0,1,1.0,1.0,False,0
Estudiante 157,2023 - 2024 CII,"(2023, 2, 'CII')",CIENCIAS MATEMATICAS Y FISICAS,CIENCIA DE DATOS E INTELIGENCIA ARTIFICIAL,1,7,7.794285714285714,98.14285714285714,1,6,1,1.0,0.1428571428571428,False,0
Estudiante 157,2024 - 2025 CI,"(2024, 1, 'CI')",CIENCIAS MATEMATICAS Y FISICAS,CIENCIA DE DATOS E INTELIGENCIA ARTIFICIAL,2,6,7.73,95.5,1,5,2,1.1666666666666667,0.1666666666666666,False,0
Estudiante 157,2024 - 2025 CII,"(2024, 2, 'CII')",CIENCIAS MATEMATICAS Y FISICAS,CIENCIA DE DATOS E INTELIGENCIA ARTIFICIAL,3,6,8.01,97.83333333333331,0,6,2,1.1666666666666667,0.0,False,0
Estudiante 158,2023 - 2024 CII,"(2023, 2, 'CII')",CIENCIAS MATEMATICAS Y FISICAS,CIENCIA DE DATOS E INTELIGENCIA ARTIFICIAL,1,7,8.178571428571429,99.0,1,6,1,1.0,0.1428571428571428,False,0
Estudiante 158,2024 - 2025 CI,"(2024, 1, 'CI')",CIENCIAS MATEMATICAS Y FISICAS,CIENCIA DE DATOS E INTELIGENCIA ARTIFICIAL,2,6,7.768333333333333,96.5,1,5,2,1.1666666666666667,0.1666666666666666,False,0
Estudiante 158,2024 - 2025 CII,"(2024, 2, 'CII')",CIENCIAS MATEMATICAS Y FISICAS,CIENCIA DE DATOS E INTELIGENCIA ARTIFICIAL,3,6,8.458333333333334,92.66666666666669,0,6,2,1.1666666666666667,0.0,False,0
Estudiante 159,2023 - 2024 CII,"(2023, 2, 'CII')",CIENCIAS MATEMATICAS Y FISICAS,CIENCIA DE DATOS E INTELIGENCIA ARTIFICIAL,1,7,7.707142857142857,97.14285714285714,1,6,1,1.0,0.1428571428571428,False,0
Estudiante 159,2024 - 2025 CI,"(2024, 1, 'CI')",CIENCIAS MATEMATICAS Y FISICAS,CIENCIA DE DATOS E INTELIGENCIA ARTIFICIAL,2,6,7.48,96.66666666666669,2,4,2,1.1666666666666667,0.3333333333333333,False,0
Estudiante 159,2024 - 2025 CII,"(2024, 2, 'CII')",CIENCIAS MATEMATICAS Y FISICAS,CIENCIA DE DATOS E INTELIGENCIA ARTIFICIAL,3,4,8.6775,92.75,0,4,2,1.25,0.0,False,0
Estudiante 16,2024 - 2025 CII,"(2024, 2, 'CII')",CIENCIAS MATEMATICAS Y FISICAS,CIENCIA DE DATOS E INTELIGENCIA ARTIFICIAL,1,7,6.882857142857143,79.14285714285714,1,6,1,1.0,0.1428571428571428,False,0
Estudiante 160,2024 - 2025 CI,"(2024, 1, 'CI')",CIENCIAS MATEMATICAS Y FISICAS,CIENCIA DE DATOS E INTELIGENCIA ARTIFICIAL,1,7,7.841428571428572,93.57142857142856,1,6,1,1.0,0.1428571428571428,False,0
Estudiante 160,2024 - 2025 CII,"(2024, 2, 'CII')",CIENCIAS MATEMATICAS Y FISICAS,CIENCIA DE DATOS E INTELIGENCIA ARTIFICIAL,2,6,4.581666666666666,52.0,3,3,1,1.0,0.5,False,0
Estudiante 161,2023 - 2024 CII,"(2023, 2, 'CII')",CIENCIAS MATEMATICAS Y FISICAS,CIENCIA DE DATOS E INTELIGENCIA ARTIFICIAL,1,7,7.591428571428572,99.57142857142856,1,6,1,1.0,0.1428571428571428,False,0
Estudiante 161,2024 - 2025 CI,"(2024, 1, 'CI')",CIENCIAS MATEMATICAS Y FISICAS,CIENCIA DE DATOS E INTELIGENCIA ARTIFICIAL,2,6,8.200000000000001,98.16666666666669,0,6,2,1.1666666666666667,0.0,False,0
Estudiante 161,2024 - 2025 CII,"(2024, 2, 'CII')",CIENCIAS MATEMATICAS Y FISICAS,CIENCIA DE DATOS E INTELIGENCIA ARTIFICIAL,3,6,8.241666666666667,97.83333333333331,0,6,1,1.0,0.0,False,0
Estudiante 162,2024 - 2025 CI,"(2024, 1, 'CI')",CIENCIAS MATEMATICAS Y FISICAS,CIENCIA DE DATOS E INTELIGENCIA ARTIFICIAL,1,7,8.138571428571428,97.42857142857144,1,6,1,1.0,0.1428571428571428,False,0
Estudiante 162,2024 - 2025 CII,"(2024, 2, 'CII')",CIENCIAS MATEMATICAS Y FISICAS,CIENCIA DE DATOS E INTELIGENCIA ARTIFICIAL,2,6,6.971666666666667,76.33333333333333,1,5,1,1.0,0.1666666666666666,False,0
Estudiante 163,2024 - 2025 CI,"(2024, 1, 'CI')",CIENCIAS MATEMATICAS Y FISICAS,CIENCIA DE DATOS E INTELIGENCIA ARTIFICIAL,1,1,8.72,97.0,0,1,1,1.0,0.0,False,0
Estudiante 163,2024 - 2025 CII,"(2024, 2, 'CII')",CIENCIAS MATEMATICAS Y FISICAS,CIENCIA DE DATOS E INTELIGENCIA ARTIFICIAL,2,1,5.93,92.0,1,0,1,1.0,1.0,True,1
Estudiante 164,2024 - 2025 CII,"(2024, 2, 'CII')",CIENCIAS MATEMATICAS Y FISICAS,CIENCIA DE DATOS E INTELIGENCIA ARTIFICIAL,2,1,8.18,96.0,0,1,1,1.0,0.0,True,1
Estudiante 165,2024 - 2025 CII,"(2024, 2, 'CII')",CIENCIAS MATEMATICAS Y FISICAS,CIENCIA DE DATOS E INTELIGENCIA ARTIFICIAL,2,1,7.87,96.0,0,1,1,1.0,0.0,True,1
Estudiante 166,2024 - 2025 CII,"(2024, 2, 'CII')",CIENCIAS MATEMATICAS Y FISICAS,CIENCIA DE DATOS E INTELIGENCIA ARTIFICIAL,2,1,2.61,62.0,1,0,1,1.0,1.0,True,1
Estudiante 167,2024 - 2025 CII,"(2024, 2, 'CII')",CIENCIAS MATEMATICAS Y FISICAS,CIENCIA DE DATOS E INTELIGENCIA ARTIFICIAL,2,1,7.96,81.0,0,1,2,2.0,0.0,True,1
Estudiante 168,2024 - 2025 CII,"(2024, 2, 'CII')",CIENCIAS MATEMATICAS Y FISICAS,CIENCIA DE DATOS E INTELIGENCIA ARTIFICIAL,2,1,0.0,0.0,1,0,1,1.0,1.0,True,1
Estudiante 169,2024 - 2025 CII,"(2024, 2, 'CII')",CIENCIAS MATEMATICAS Y FISICAS,CIENCIA DE DATOS E INTELIGENCIA ARTIFICIAL,2,1,8.16,96.0,0,1,1,1.0,0.0,True,1
Estudiante 17,2024 - 2025 CII,"(2024, 2, 'CII')",CIENCIAS MATEMATICAS Y FISICAS,CIENCIA DE DATOS E INTELIGENCIA ARTIFICIAL,1,7,9.381428571428572,98.42857142857144,0,7,1,1.0,0.0,False,0
Estudiante 170,2024 - 2025 CII,"(2024, 2, 'CII')",CIENCIAS MATEMATICAS Y FISICAS,CIENCIA DE DATOS E INTELIGENCIA ARTIFICIAL,2,1,5.2,84.0,1,0,1,1.0,1.0,True,1
Estudiante 171,2024 - 2025 CII,"(2024, 2, 'CII')",CIENCIAS MATEMATICAS Y FISICAS,CIENCIA DE DATOS E INTELIGENCIA ARTIFICIAL,2,1,6.65,90.0,1,0,1,1.0,1.0,True,1
Estudiante 172,2024 - 2025 CII,"(2024, 2, 'CII')",CIENCIAS MATEMATICAS Y FISICAS,CIENCIA DE DATOS E INTELIGENCIA ARTIFICIAL,2,1,8.05,96.0,0,1,1,1.0,0.0,False,0
Estudiante 173,2024 - 2025 CII,"(2024, 2, 'CII')",CIENCIAS MATEMATICAS Y FISICAS,CIENCIA DE DATOS E INTELIGENCIA ARTIFICIAL,2,1,8.2,81.0,0,1,1,1.0,0.0,True,1
Estudiante 174,2024 - 2025 CII,"(2024, 2, 'CII')",CIENCIAS MATEMATICAS Y FISICAS,CIENCIA DE DATOS E INTELIGENCIA ARTIFICIAL,2,1,5.73,96.0,1,0,1,1.0,1.0,True,1
Estudiante 175,2024 - 2025 CII,"(2024, 2, 'CII')",CIENCIAS MATEMATICAS Y FISICAS,CIENCIA DE DATOS E INTELIGENCIA ARTIFICIAL,2,1,0.0,0.0,1,0,2,2.0,1.0,True,1
Estudiante 176,2024 - 2025 CII,"(2024, 2, 'CII')",CIENCIAS MATEMATICAS Y FISICAS,CIENCIA DE DATOS E INTELIGENCIA ARTIFICIAL,2,1,6.94,100.0,1,0,1,1.0,1.0,True,1
Estudiante 177,2024 - 2025 CII,"(2024, 2, 'CII')",CIENCIAS MATEMATICAS Y FISICAS,CIENCIA DE DATOS E INTELIGENCIA ARTIFICIAL,2,1,8.26,94.0,0,1,1,1.0,0.0,True,1
Estudiante 178,2024 - 2025 CI,"(2024, 1, 'CI')",CIENCIAS MATEMATICAS Y FISICAS,CIENCIA DE DATOS E INTELIGENCIA ARTIFICIAL,1,7,8.822857142857144,99.42857142857144,0,7,1,1.0,0.0,False,0
Estudiante 178,2024 - 2025 CII,"(2024, 2, 'CII')",CIENCIAS MATEMATICAS Y FISICAS,CIENCIA DE DATOS E INTELIGENCIA ARTIFICIAL,2,2,9.775,47.0,0,2,1,1.0,0.0,False,0
Estudiante 179,2024 - 2025 CII,"(2024, 2, 'CII')",CIENCIAS MATEMATICAS Y FISICAS,CIENCIA DE DATOS E INTELIGENCIA ARTIFICIAL,2,1,0.0,0.0,1,0,1,1.0,1.0,True,1
Estudiante 18,2024 - 2025 CII,"(2024, 2, 'CII')",CIENCIAS MATEMATICAS Y FISICAS,CIENCIA DE DATOS E INTELIGENCIA ARTIFICIAL,1,7,9.25,98.42857142857144,0,7,1,1.0,0.0,False,0
Estudiante 180,2024 - 2025 CII,"(2024, 2, 'CII')",CIENCIAS MATEMATICAS Y FISICAS,CIENCIA DE DATOS E INTELIGENCIA ARTIFICIAL,2,1,6.56,100.0,1,0,1,1.0,1.0,True,1
Estudiante 181,2024 - 2025 CII,"(2024, 2, 'CII')",CIENCIAS MATEMATICAS Y FISICAS,CIENCIA DE DATOS E INTELIGENCIA ARTIFICIAL,2,1,8.48,94.0,0,1,1,1.0,0.0,True,1
Estudiante 182,2023 - 2024 CII,"(2023, 2, 'CII')",CIENCIAS MATEMATICAS Y FISICAS,CIENCIA DE DATOS E INTELIGENCIA ARTIFICIAL,1,7,8.142857142857142,99.42857142857144,0,7,1,1.0,0.0,False,0
Estudiante 182,2024 - 2025 CI,"(2024, 1, 'CI')",CIENCIAS MATEMATICAS Y FISICAS,CIENCIA DE DATOS E INTELIGENCIA ARTIFICIAL,2,7,8.088571428571429,89.85714285714286,1,6,1,1.0,0.1428571428571428,False,0
Estudiante 182,2024 - 2025 CII,"(2024, 2, 'CII')",CIENCIAS MATEMATICAS Y FISICAS,CIENCIA DE DATOS E INTELIGENCIA ARTIFICIAL,3,5,8.626000000000001,90.8,0,5,2,1.2,0.0,False,0
Estudiante 183,2023 - 2024 CII,"(2023, 2, 'CII')",CIENCIAS MATEMATICAS Y FISICAS,CIENCIA DE DATOS E INTELIGENCIA ARTIFICIAL,1,7,8.142857142857142,99.57142857142856,0,7,1,1.0,0.0,False,0
Estudiante 183,2024 - 2025 CI,"(2024, 1, 'CI')",CIENCIAS MATEMATICAS Y FISICAS,CIENCIA DE DATOS E INTELIGENCIA ARTIFICIAL,2,7,7.867142857142857,97.57142857142856,1,6,1,1.0,0.1428571428571428,False,0
Estudiante 183,2024 - 2025 CII,"(2024, 2, 'CII')",CIENCIAS MATEMATICAS Y FISICAS,CIENCIA DE DATOS E INTELIGENCIA ARTIFICIAL,3,5,8.396,100.0,0,5,2,1.2,0.0,False,0
Estudiante 184,2023 - 2024 CII,"(2023, 2, 'CII')",CIENCIAS MATEMATICAS Y FISICAS,CIENCIA DE DATOS E INTELIGENCIA ARTIFICIAL,1,7,7.894285714285714,98.0,1,6,1,1.0,0.1428571428571428,False,0
Estudiante 184,2024 - 2025 CI,"(2024, 1, 'CI')",CIENCIAS MATEMATICAS Y FISICAS,CIENCIA DE DATOS E INTELIGENCIA ARTIFICIAL,2,6,7.361666666666667,96.5,1,5,1,1.0,0.1666666666666666,False,0
Estudiante 184,2024 - 2025 CII,"(2024, 2, 'CII')",CIENCIAS MATEMATICAS Y FISICAS,CIENCIA DE DATOS E INTELIGENCIA ARTIFICIAL,3,4,8.39,96.0,0,4,2,1.25,0.0,False,0
Estudiante 185,2023 - 2024 CII,"(2023, 2, 'CII')",CIENCIAS MATEMATICAS Y FISICAS,CIENCIA DE DATOS E INTELIGENCIA ARTIFICIAL,1,7,8.36,98.42857142857144,0,7,1,1.0,0.0,False,0
Estudiante 185,2024 - 2025 CI,"(2024, 1, 'CI')",CIENCIAS MATEMATICAS Y FISICAS,CIENCIA DE DATOS E INTELIGENCIA ARTIFICIAL,2,7,7.908571428571428,97.0,1,6,1,1.0,0.1428571428571428,False,0
Estudiante 185,2024 - 2025 CII,"(2024, 2, 'CII')",CIENCIAS MATEMATICAS Y FISICAS,CIENCIA DE DATOS E INTELIGENCIA ARTIFICIAL,3,5,8.706,100.0,0,5,2,1.2,0.0,False,0
Estudiante 186,2023 - 2024 CII,"(2023, 2, 'CII')",CIENCIAS MATEMATICAS Y FISICAS,CIENCIA DE DATOS E INTELIGENCIA ARTIFICIAL,1,7,8.022857142857143,99.0,0,7,1,1.0,0.0,False,0
Estudiante 186,2024 - 2025 CI,"(2024, 1, 'CI')",CIENCIAS MATEMATICAS Y FISICAS,CIENCIA DE DATOS E INTELIGENCIA ARTIFICIAL,2,7,7.764285714285714,97.57142857142856,1,6,1,1.0,0.1428571428571428,False,0
Estudiante 186,2024 - 2025 CII,"(2024, 2, 'CII')",CIENCIAS MATEMATICAS Y FISICAS,CIENCIA DE DATOS E INTELIGENCIA ARTIFICIAL,3,5,8.809999999999999,99.2,0,5,2,1.2,0.0,False,0
Estudiante 187,2023 - 2024 CII,"(2023, 2, 'CII')",CIENCIAS MATEMATICAS Y FISICAS,CIENCIA DE DATOS E INTELIGENCIA ARTIFICIAL,1,7,8.077142857142857,97.42857142857144,0,7,1,1.0,0.0,False,0
Estudiante 187,2024 - 2025 CI,"(2024, 1, 'CI')",CIENCIAS MATEMATICAS Y FISICAS,CIENCIA DE DATOS E INTELIGENCIA ARTIFICIAL,2,7,7.791428571428571,97.85714285714286,1,6,1,1.0,0.1428571428571428,False,0
Estudiante 187,2024 - 2025 CII,"(2024, 2, 'CII')",CIENCIAS MATEMATICAS Y FISICAS,CIENCIA DE DATOS E INTELIGENCIA ARTIFICIAL,3,5,8.7,98.8,0,5,2,1.2,0.0,False,0
Estudiante 188,2023 - 2024 CII,"(2023, 2, 'CII')",CIENCIAS MATEMATICAS Y FISICAS,CIENCIA DE DATOS E INTELIGENCIA ARTIFICIAL,1,7,8.26,98.0,0,7,1,1.0,0.0,False,0
Estudiante 188,2024 - 2025 CI,"(2024, 1, 'CI')",CIENCIAS MATEMATICAS Y FISICAS,CIENCIA DE DATOS E INTELIGENCIA ARTIFICIAL,2,7,7.87,85.0,1,6,1,1.0,0.1428571428571428,False,0
Estudiante 188,2024 - 2025 CII,"(2024, 2, 'CII')",CIENCIAS MATEMATICAS Y FISICAS,CIENCIA DE DATOS E INTELIGENCIA ARTIFICIAL,3,5,8.738,90.0,0,5,2,1.2,0.0,False,0
Estudiante 189,2023 - 2024 CII,"(2023, 2, 'CII')",CIENCIAS MATEMATICAS Y FISICAS,CIENCIA DE DATOS E INTELIGENCIA ARTIFICIAL,1,7,8.961428571428572,96.71428571428572,0,7,1,1.0,0.0,False,0
Estudiante 189,2024 - 2025 CI,"(2024, 1, 'CI')",CIENCIAS MATEMATICAS Y FISICAS,CIENCIA DE DATOS E INTELIGENCIA ARTIFICIAL,2,7,8.282857142857143,95.42857142857144,0,7,1,1.0,0.0,False,0
Estudiante 189,2024 - 2025 CII,"(2024, 2, 'CII')",CIENCIAS MATEMATICAS Y FISICAS,CIENCIA DE DATOS E INTELIGENCIA ARTIFICIAL,3,6,8.908333333333333,93.66666666666669,0,6,1,1.0,0.0,False,0
Estudiante 19,2024 - 2025 CII,"(2024, 2, 'CII')",CIENCIAS MATEMATICAS Y FISICAS,CIENCIA DE DATOS E INTELIGENCIA ARTIFICIAL,1,7,8.905714285714286,98.42857142857144,0,7,1,1.0,0.0,False,0
Estudiante 190,2023 - 2024 CII,"(2023, 2, 'CII')",CIENCIAS MATEMATICAS Y FISICAS,CIENCIA DE DATOS E INTELIGENCIA ARTIFICIAL,1,7,8.58,100.0,0,7,1,1.0,0.0,False,0
Estudiante 190,2024 - 2025 CI,"(2024, 1, 'CI')",CIENCIAS MATEMATICAS Y FISICAS,CIENCIA DE DATOS E INTELIGENCIA ARTIFICIAL,2,7,7.988571428571428,97.57142857142856,0,7,1,1.0,0.0,False,0
Estudiante 190,2024 - 2025 CII,"(2024, 2, 'CII')",CIENCIAS MATEMATICAS Y FISICAS,CIENCIA DE DATOS E INTELIGENCIA ARTIFICIAL,3,6,8.876666666666667,97.66666666666669,0,6,1,1.0,0.0,False,0
Estudiante 191,2023 - 2024 CII,"(2023, 2, 'CII')",CIENCIAS MATEMATICAS Y FISICAS,CIENCIA DE DATOS E INTELIGENCIA ARTIFICIAL,1,7,8.791428571428572,100.0,0,7,1,1.0,0.0,False,0
Estudiante 191,2024 - 2025 CI,"(2024, 1, 'CI')",CIENCIAS MATEMATICAS Y FISICAS,CIENCIA DE DATOS E INTELIGENCIA ARTIFICIAL,2,7,8.431428571428572,97.28571428571428,0,7,1,1.0,0.0,False,0
Estudiante 191,2024 - 2025 CII,"(2024, 2, 'CII')",CIENCIAS MATEMATICAS Y FISICAS,CIENCIA DE DATOS E INTELIGENCIA ARTIFICIAL,3,6,9.348333333333334,97.66666666666669,0,6,1,1.0,0.0,False,0
Estudiante 192,2023 - 2024 CII,"(2023, 2, 'CII')",CIENCIAS MATEMATICAS Y FISICAS,CIENCIA DE DATOS E INTELIGENCIA ARTIFICIAL,1,7,9.302857142857144,100.0,0,7,1,1.0,0.0,False,0
Estudiante 192,2024 - 2025 CI,"(2024, 1, 'CI')",CIENCIAS MATEMATICAS Y FISICAS,CIENCIA DE DATOS E INTELIGENCIA ARTIFICIAL,2,7,8.211428571428572,94.14285714285714,0,7,1,1.0,0.0,False,0
Estudiante 192,2024 - 2025 CII,"(2024, 2, 'CII')",CIENCIAS MATEMATICAS Y FISICAS,CIENCIA DE DATOS E INTELIGENCIA ARTIFICIAL,3,6,8.363333333333333,91.0,0,6,1,1.0,0.0,False,0
Estudiante 193,2023 - 2024 CII,"(2023, 2, 'CII')",CIENCIAS MATEMATICAS Y FISICAS,CIENCIA DE DATOS E INTELIGENCIA ARTIFICIAL,1,7,9.088571428571427,99.0,0,7,1,1.0,0.0,False,0
Estudiante 193,2024 - 2025 CI,"(2024, 1, 'CI')",CIENCIAS MATEMATICAS Y FISICAS,CIENCIA DE DATOS E INTELIGENCIA ARTIFICIAL,2,7,8.832857142857142,98.42857142857144,0,7,1,1.0,0.0,False,0
Estudiante 193,2024 - 2025 CII,"(2024, 2, 'CII')",CIENCIAS MATEMATICAS Y FISICAS,CIENCIA DE DATOS E INTELIGENCIA ARTIFICIAL,3,6,9.198333333333332,99.33333333333331,0,6,1,1.0,0.0,False,0
Estudiante 194,2023 - 2024 CII,"(2023, 2, 'CII')",CIENCIAS MATEMATICAS Y FISICAS,CIENCIA DE DATOS E INTELIGENCIA ARTIFICIAL,1,7,8.972857142857142,100.0,0,7,1,1.0,0.0,False,0
Estudiante 194,2024 - 2025 CI,"(2024, 1, 'CI')",CIENCIAS MATEMATICAS Y FISICAS,CIENCIA DE DATOS E INTELIGENCIA ARTIFICIAL,2,7,7.825714285714286,95.42857142857144,0,7,1,1.0,0.0,False,0
Estudiante 194,2024 - 2025 CII,"(2024, 2, 'CII')",CIENCIAS MATEMATICAS Y FISICAS,CIENCIA DE DATOS E INTELIGENCIA ARTIFICIAL,3,6,0.2133333333333333,19.33333333333333,6,0,1,1.0,1.0,True,1
Estudiante 195,2023 - 2024 CII,"(2023, 2, 'CII')",CIENCIAS MATEMATICAS Y FISICAS,CIENCIA DE DATOS E INTELIGENCIA ARTIFICIAL,1,7,8.885714285714286,100.0,0,7,1,1.0,0.0,False,0
Estudiante 195,2024 - 2025 CI,"(2024, 1, 'CI')",CIENCIAS MATEMATICAS Y FISICAS,CIENCIA DE DATOS E INTELIGENCIA ARTIFICIAL,2,7,8.680000000000001,98.42857142857144,0,7,1,1.0,0.0,False,0
Estudiante 195,2024 - 2025 CII,"(2024, 2, 'CII')",CIENCIAS MATEMATICAS Y FISICAS,CIENCIA DE DATOS E INTELIGENCIA ARTIFICIAL,3,6,9.361666666666666,99.33333333333331,0,6,1,1.0,0.0,False,0
Estudiante 196,2023 - 2024 CII,"(2023, 2, 'CII')",CIENCIAS MATEMATICAS Y FISICAS,CIENCIA DE DATOS E INTELIGENCIA ARTIFICIAL,1,7,9.25,98.0,0,7,1,1.0,0.0,False,0
Estudiante 196,2024 - 2025 CI,"(2024, 1, 'CI')",CIENCIAS MATEMATICAS Y FISICAS,CIENCIA DE DATOS E INTELIGENCIA ARTIFICIAL,2,7,9.185714285714283,98.42857142857144,0,7,1,1.0,0.0,False,0
Estudiante 196,2024 - 2025 CII,"(2024, 2, 'CII')",CIENCIAS MATEMATICAS Y FISICAS,CIENCIA DE DATOS E INTELIGENCIA ARTIFICIAL,3,6,9.645,100.0,0,6,1,1.0,0.0,False,0
Estudiante 197,2023 - 2024 CII,"(2023, 2, 'CII')",CIENCIAS MATEMATICAS Y FISICAS,CIENCIA DE DATOS E INTELIGENCIA ARTIFICIAL,1,7,8.394285714285713,100.0,0,7,1,1.0,0.0,False,0
Estudiante 197,2024 - 2025 CI,"(2024, 1, 'CI')",CIENCIAS MATEMATICAS Y FISICAS,CIENCIA DE DATOS E INTELIGENCIA ARTIFICIAL,2,7,8.252857142857142,98.42857142857144,0,7,1,1.0,0.0,False,0
Estudiante 197,2024 - 2025 CII,"(2024, 2, 'CII')",CIENCIAS MATEMATICAS Y FISICAS,CIENCIA DE DATOS E INTELIGENCIA ARTIFICIAL,3,6,9.273333333333332,98.66666666666669,0,6,1,1.0,0.0,False,0
Estudiante 198,2023 - 2024 CII,"(2023, 2, 'CII')",CIENCIAS MATEMATICAS Y FISICAS,CIENCIA DE DATOS E INTELIGENCIA ARTIFICIAL,1,7,8.51142857142857,100.0,0,7,1,1.0,0.0,False,0
Estudiante 198,2024 - 2025 CI,"(2024, 1, 'CI')",CIENCIAS MATEMATICAS Y FISICAS,CIENCIA DE DATOS E INTELIGENCIA ARTIFICIAL,2,7,8.717142857142857,98.42857142857144,0,7,1,1.0,0.0,False,0
Estudiante 198,2024 - 2025 CII,"(2024, 2, 'CII')",CIENCIAS MATEMATICAS Y FISICAS,CIENCIA DE DATOS E INTELIGENCIA ARTIFICIAL,3,6,8.905,97.16666666666669,0,6,1,1.0,0.0,False,0
Estudiante 199,2023 - 2024 CII,"(2023, 2, 'CII')",CIENCIAS MATEMATICAS Y FISICAS,CIENCIA DE DATOS E INTELIGENCIA ARTIFICIAL,1,7,8.278571428571428,99.42857142857144,0,7,1,1.0,0.0,False,0
Estudiante 199,2024 - 2025 CI,"(2024, 1, 'CI')",CIENCIAS MATEMATICAS Y FISICAS,CIENCIA DE DATOS E INTELIGENCIA ARTIFICIAL,2,7,8.094285714285714,91.14285714285714,0,7,1,1.0,0.0,False,0
Estudiante 199,2024 - 2025 CII,"(2024, 2, 'CII')",CIENCIAS MATEMATICAS Y FISICAS,CIENCIA DE DATOS E INTELIGENCIA ARTIFICIAL,3,6,9.081666666666663,96.33333333333331,0,6,1,1.0,0.0,False,0
Estudiante 2,2024 - 2025 CI,"(2024, 1, 'CI')",CIENCIAS MATEMATICAS Y FISICAS,CIENCIA DE DATOS E INTELIGENCIA ARTIFICIAL,1,7,7.721428571428571,93.28571428571428,1,6,1,1.0,0.1428571428571428,False,0
Estudiante 2,2024 - 2025 CII,"(2024, 2, 'CII')",CIENCIAS MATEMATICAS Y FISICAS,CIENCIA DE DATOS E INTELIGENCIA ARTIFICIAL,2,4,6.737500000000001,68.0,1,3,2,1.25,0.25,False,0
Estudiante 20,2024 - 2025 CII,"(2024, 2, 'CII')",CIENCIAS MATEMATICAS Y FISICAS,CIENCIA DE DATOS E INTELIGENCIA ARTIFICIAL,1,7,0.0,0.0,7,0,1,1.0,1.0,True,1
Estudiante 200,2023 - 2024 CII,"(2023, 2, 'CII')",CIENCIAS MATEMATICAS Y FISICAS,CIENCIA DE DATOS E INTELIGENCIA ARTIFICIAL,1,7,8.532857142857143,97.0,0,7,1,1.0,0.0,False,0
Estudiante 200,2024 - 2025 CI,"(2024, 1, 'CI')",CIENCIAS MATEMATICAS Y FISICAS,CIENCIA DE DATOS E INTELIGENCIA ARTIFICIAL,2,7,8.044285714285715,96.85714285714286,0,7,1,1.0,0.0,False,0
Estudiante 200,2024 - 2025 CII,"(2024, 2, 'CII')",CIENCIAS MATEMATICAS Y FISICAS,CIENCIA DE DATOS E INTELIGENCIA ARTIFICIAL,3,6,9.518333333333333,95.16666666666669,0,6,1,1.0,0.0,False,0
Estudiante 201,2023 - 2024 CII,"(2023, 2, 'CII')",CIENCIAS MATEMATICAS Y FISICAS,CIENCIA DE DATOS E INTELIGENCIA ARTIFICIAL,4,11,9.521818181818182,63.27272727272727,0,11,1,1.0,0.0,False,0
Estudiante 201,2024 - 2025 CI,"(2024, 1, 'CI')",CIENCIAS MATEMATICAS Y FISICAS,CIENCIA DE DATOS E INTELIGENCIA ARTIFICIAL,2,7,8.754285714285714,98.42857142857144,0,7,1,1.0,0.0,False,0
Estudiante 201,2024 - 2025 CII,"(2024, 2, 'CII')",CIENCIAS MATEMATICAS Y FISICAS,CIENCIA DE DATOS E INTELIGENCIA ARTIFICIAL,3,6,9.156666666666666,99.33333333333331,0,6,1,1.0,0.0,False,0
Estudiante 202,2023 - 2024 CII,"(2023, 2, 'CII')",CIENCIAS MATEMATICAS Y FISICAS,CIENCIA DE DATOS E INTELIGENCIA ARTIFICIAL,1,7,9.232857142857142,99.42857142857144,0,7,1,1.0,0.0,False,0
Estudiante 202,2024 - 2025 CI,"(2024, 1, 'CI')",CIENCIAS MATEMATICAS Y FISICAS,CIENCIA DE DATOS E INTELIGENCIA ARTIFICIAL,2,7,8.371428571428572,100.0,0,7,1,1.0,0.0,False,0
Estudiante 202,2024 - 2025 CII,"(2024, 2, 'CII')",CIENCIAS MATEMATICAS Y FISICAS,CIENCIA DE DATOS E INTELIGENCIA ARTIFICIAL,3,6,9.351666666666668,100.0,0,6,1,1.0,0.0,False,0
Estudiante 203,2023 - 2024 CII,"(2023, 2, 'CII')",CIENCIAS MATEMATICAS Y FISICAS,CIENCIA DE DATOS E INTELIGENCIA ARTIFICIAL,1,7,7.727142857142858,94.0,0,7,1,1.0,0.0,False,0
Estudiante 203,2024 - 2025 CI,"(2024, 1, 'CI')",CIENCIAS MATEMATICAS Y FISICAS,CIENCIA DE DATOS E INTELIGENCIA ARTIFICIAL,2,7,8.288571428571428,95.0,0,7,1,1.0,0.0,False,0
Estudiante 203,2024 - 2025 CII,"(2024, 2, 'CII')",CIENCIAS MATEMATICAS Y FISICAS,CIENCIA DE DATOS E INTELIGENCIA ARTIFICIAL,3,6,9.32,91.83333333333331,0,6,1,1.0,0.0,False,0
Estudiante 204,2023 - 2024 CII,"(2023, 2, 'CII')",CIENCIAS MATEMATICAS Y FISICAS,CIENCIA DE DATOS E INTELIGENCIA ARTIFICIAL,1,7,8.854285714285714,97.71428571428572,0,7,1,1.0,0.0,False,0
Estudiante 204,2024 - 2025 CI,"(2024, 1, 'CI')",CIENCIAS MATEMATICAS Y FISICAS,CIENCIA DE DATOS E INTELIGENCIA ARTIFICIAL,2,7,8.041428571428572,97.28571428571428,0,7,1,1.0,0.0,False,0
Estudiante 204,2024 - 2025 CII,"(2024, 2, 'CII')",CIENCIAS MATEMATICAS Y FISICAS,CIENCIA DE DATOS E INTELIGENCIA ARTIFICIAL,3,6,9.161666666666669,95.16666666666669,0,6,1,1.0,0.0,True,1
Estudiante 205,2023 - 2024 CII,"(2023, 2, 'CII')",CIENCIAS MATEMATICAS Y FISICAS,CIENCIA DE DATOS E INTELIGENCIA ARTIFICIAL,1,7,8.03,100.0,0,7,1,1.0,0.0,False,0
Estudiante 205,2024 - 2025 CI,"(2024, 1, 'CI')",CIENCIAS MATEMATICAS Y FISICAS,CIENCIA DE DATOS E INTELIGENCIA ARTIFICIAL,2,7,8.014285714285714,97.14285714285714,0,7,1,1.0,0.0,False,0
Estudiante 205,2024 - 2025 CII,"(2024, 2, 'CII')",CIENCIAS MATEMATICAS Y FISICAS,CIENCIA DE DATOS E INTELIGENCIA ARTIFICIAL,3,6,8.723333333333334,97.66666666666669,0,6,1,1.0,0.0,False,0
Estudiante 206,2023 - 2024 CII,"(2023, 2, 'CII')",CIENCIAS MATEMATICAS Y FISICAS,CIENCIA DE DATOS E INTELIGENCIA ARTIFICIAL,1,7,8.317142857142857,85.71428571428571,0,7,1,1.0,0.0,False,0
Estudiante 206,2024 - 2025 CI,"(2024, 1, 'CI')",CIENCIAS MATEMATICAS Y FISICAS,CIENCIA DE DATOS E INTELIGENCIA ARTIFICIAL,2,7,8.054285714285715,96.28571428571428,0,7,1,1.0,0.0,False,0
Estudiante 206,2024 - 2025 CII,"(2024, 2, 'CII')",CIENCIAS MATEMATICAS Y FISICAS,CIENCIA DE DATOS E INTELIGENCIA ARTIFICIAL,3,6,0.0,8.333333333333334,6,0,1,1.0,1.0,True,1
Estudiante 207,2023 - 2024 CII,"(2023, 2, 'CII')",CIENCIAS MATEMATICAS Y FISICAS,CIENCIA DE DATOS E INTELIGENCIA ARTIFICIAL,1,7,8.101428571428572,97.57142857142856,0,7,1,1.0,0.0,False,0
Estudiante 207,2024 - 2025 CI,"(2024, 1, 'CI')",CIENCIAS MATEMATICAS Y FISICAS,CIENCIA DE DATOS E INTELIGENCIA ARTIFICIAL,2,7,8.209999999999999,96.57142857142856,0,7,1,1.0,0.0,False,0
Estudiante 207,2024 - 2025 CII,"(2024, 2, 'CII')",CIENCIAS MATEMATICAS Y FISICAS,CIENCIA DE DATOS E INTELIGENCIA ARTIFICIAL,3,6,8.966666666666667,96.33333333333331,0,6,1,1.0,0.0,False,0
Estudiante 208,2023 - 2024 CII,"(2023, 2, 'CII')",CIENCIAS MATEMATICAS Y FISICAS,CIENCIA DE DATOS E INTELIGENCIA ARTIFICIAL,1,7,8.537142857142857,100.0,0,7,1,1.0,0.0,False,0
Estudiante 208,2024 - 2025 CI,"(2024, 1, 'CI')",CIENCIAS MATEMATICAS Y FISICAS,CIENCIA DE DATOS E INTELIGENCIA ARTIFICIAL,2,7,8.302857142857142,98.42857142857144,0,7,1,1.0,0.0,False,0
Estudiante 208,2024 - 2025 CII,"(2024, 2, 'CII')",CIENCIAS MATEMATICAS Y FISICAS,CIENCIA DE DATOS E INTELIGENCIA ARTIFICIAL,3,6,9.033333333333331,99.33333333333331,0,6,1,1.0,0.0,False,0
Estudiante 209,2023 - 2024 CII,"(2023, 2, 'CII')",CIENCIAS MATEMATICAS Y FISICAS,CIENCIA DE DATOS E INTELIGENCIA ARTIFICIAL,1,7,8.845714285714285,97.42857142857144,0,7,1,1.0,0.0,False,0
Estudiante 209,2024 - 2025 CI,"(2024, 1, 'CI')",CIENCIAS MATEMATICAS Y FISICAS,CIENCIA DE DATOS E INTELIGENCIA ARTIFICIAL,2,7,8.895714285714286,97.0,0,7,1,1.0,0.0,False,0
Estudiante 209,2024 - 2025 CII,"(2024, 2, 'CII')",CIENCIAS MATEMATICAS Y FISICAS,CIENCIA DE DATOS E INTELIGENCIA ARTIFICIAL,3,6,8.290000000000001,97.33333333333331,0,6,1,1.0,0.0,False,0
Estudiante 21,2024 - 2025 CII,"(2024, 2, 'CII')",CIENCIAS MATEMATICAS Y FISICAS,CIENCIA DE DATOS E INTELIGENCIA ARTIFICIAL,1,7,8.72,97.85714285714286,0,7,1,1.0,0.0,False,0
Estudiante 210,2023 - 2024 CII,"(2023, 2, 'CII')",CIENCIAS MATEMATICAS Y FISICAS,CIENCIA DE DATOS E INTELIGENCIA ARTIFICIAL,1,7,7.671428571428572,85.14285714285714,2,5,1,1.0,0.2857142857142857,False,0
Estudiante 210,2024 - 2025 CI,"(2024, 1, 'CI')",CIENCIAS MATEMATICAS Y FISICAS,CIENCIA DE DATOS E INTELIGENCIA ARTIFICIAL,2,5,8.244,92.2,0,5,1,1.0,0.0,False,0
Estudiante 210,2024 - 2025 CII,"(2024, 2, 'CII')",CIENCIAS MATEMATICAS Y FISICAS,CIENCIA DE DATOS E INTELIGENCIA ARTIFICIAL,3,4,8.6025,98.25,0,4,1,1.0,0.0,False,0
Estudiante 211,2023 - 2024 CII,"(2023, 2, 'CII')",CIENCIAS MATEMATICAS Y FISICAS,CIENCIA DE DATOS E INTELIGENCIA ARTIFICIAL,1,7,8.211428571428572,98.14285714285714,0,7,1,1.0,0.0,False,0
Estudiante 211,2024 - 2025 CI,"(2024, 1, 'CI')",CIENCIAS MATEMATICAS Y FISICAS,CIENCIA DE DATOS E INTELIGENCIA ARTIFICIAL,2,7,8.024285714285714,97.57142857142856,0,7,1,1.0,0.0,False,0
Estudiante 211,2024 - 2025 CII,"(2024, 2, 'CII')",CIENCIAS MATEMATICAS Y FISICAS,CIENCIA DE DATOS E INTELIGENCIA ARTIFICIAL,3,6,8.651666666666666,96.0,0,6,1,1.0,0.0,False,0
Estudiante 212,2023 - 2024 CII,"(2023, 2, 'CII')",CIENCIAS MATEMATICAS Y FISICAS,CIENCIA DE DATOS E INTELIGENCIA ARTIFICIAL,1,7,7.864285714285714,99.14285714285714,1,6,1,1.0,0.1428571428571428,False,0
Estudiante 212,2024 - 2025 CI,"(2024, 1, 'CI')",CIENCIAS MATEMATICAS Y FISICAS,CIENCIA DE DATOS E INTELIGENCIA ARTIFICIAL,2,5,8.032,97.2,0,5,1,1.0,0.0,False,0
Estudiante 212,2024 - 2025 CII,"(2024, 2, 'CII')",CIENCIAS MATEMATICAS Y FISICAS,CIENCIA DE DATOS E INTELIGENCIA ARTIFICIAL,3,4,8.594999999999999,95.5,0,4,1,1.0,0.0,False,0
Estudiante 213,2023 - 2024 CII,"(2023, 2, 'CII')",CIENCIAS MATEMATICAS Y FISICAS,CIENCIA DE DATOS E INTELIGENCIA ARTIFICIAL,1,7,8.344285714285714,100.0,0,7,1,1.0,0.0,False,0
Estudiante 213,2024 - 2025 CI,"(2024, 1, 'CI')",CIENCIAS MATEMATICAS Y FISICAS,CIENCIA DE DATOS E INTELIGENCIA ARTIFICIAL,2,7,7.855714285714286,98.42857142857144,1,6,1,1.0,0.1428571428571428,False,0
Estudiante 213,2024 - 2025 CII,"(2024, 2, 'CII')",CIENCIAS MATEMATICAS Y FISICAS,CIENCIA DE DATOS E INTELIGENCIA ARTIFICIAL,3,4,8.675,99.0,0,4,1,1.0,0.0,False,0
Estudiante 214,2024 - 2025 CII,"(2024, 2, 'CII')",CIENCIAS MATEMATICAS Y FISICAS,CIENCIA DE DATOS E INTELIGENCIA ARTIFICIAL,3,1,9.75,100.0,0,1,1,1.0,0.0,True,1
Estudiante 215,2024 - 2025 CII,"(2024, 2, 'CII')",CIENCIAS MATEMATICAS Y FISICAS,CIENCIA DE DATOS E INTELIGENCIA ARTIFICIAL,3,1,8.09,100.0,0,1,1,1.0,0.0,True,1
Estudiante 216,2024 - 2025 CII,"(2024, 2, 'CII')",CIENCIAS MATEMATICAS Y FISICAS,CIENCIA DE DATOS E INTELIGENCIA ARTIFICIAL,3,1,4.43,52.0,1,0,1,1.0,1.0,True,1
Estudiante 217,2024 - 2025 CII,"(2024, 2, 'CII')",CIENCIAS MATEMATICAS Y FISICAS,CIENCIA DE DATOS E INTELIGENCIA ARTIFICIAL,3,1,8.55,90.0,0,1,1,1.0,0.0,True,1
Estudiante 218,2024 - 2025 CII,"(2024, 2, 'CII')",CIENCIAS MATEMATICAS Y FISICAS,CIENCIA DE DATOS E INTELIGENCIA ARTIFICIAL,3,1,4.31,54.0,1,0,1,1.0,1.0,True,1
Estudiante 219,2024 - 2025 CII,"(2024, 2, 'CII')",CIENCIAS MATEMATICAS Y FISICAS,CIENCIA DE DATOS E INTELIGENCIA ARTIFICIAL,3,1,7.02,78.0,0,1,2,2.0,0.0,True,1
Estudiante 22,2024 - 2025 CII,"(2024, 2, 'CII')",CIENCIAS MATEMATICAS Y FISICAS,CIENCIA DE DATOS E INTELIGENCIA ARTIFICIAL,1,7,9.287142857142856,99.57142857142856,0,7,1,1.0,0.0,False,0
Estudiante 220,2024 - 2025 CII,"(2024, 2, 'CII')",CIENCIAS MATEMATICAS Y FISICAS,CIENCIA DE DATOS E INTELIGENCIA ARTIFICIAL,3,1,0.0,0.0,1,0,1,1.0,1.0,True,1
Estudiante 221,2024 - 2025 CII,"(2024, 2, 'CII')",CIENCIAS MATEMATICAS Y FISICAS,CIENCIA DE DATOS E INTELIGENCIA ARTIFICIAL,3,1,8.6,88.0,0,1,1,1.0,0.0,True,1
Estudiante 222,2024 - 2025 CII,"(2024, 2, 'CII')",CIENCIAS MATEMATICAS Y FISICAS,CIENCIA DE DATOS E INTELIGENCIA ARTIFICIAL,3,1,0.0,0.0,1,0,1,1.0,1.0,True,1
Estudiante 223,2024 - 2025 CII,"(2024, 2, 'CII')",CIENCIAS MATEMATICAS Y FISICAS,CIENCIA DE DATOS E INTELIGENCIA ARTIFICIAL,3,1,6.08,78.0,1,0,2,2.0,1.0,True,1
Estudiante 224,2024 - 2025 CII,"(2024, 2, 'CII')",CIENCIAS MATEMATICAS Y FISICAS,CIENCIA DE DATOS E INTELIGENCIA ARTIFICIAL,3,1,8.32,90.0,0,1,1,1.0,0.0,True,1
Estudiante 225,2024 - 2025 CII,"(2024, 2, 'CII')",CIENCIAS MATEMATICAS Y FISICAS,CIENCIA DE DATOS E INTELIGENCIA ARTIFICIAL,3,1,7.87,93.0,0,1,1,1.0,0.0,True,1
Estudiante 226,2024 - 2025 CII,"(2024, 2, 'CII')",CIENCIAS MATEMATICAS Y FISICAS,CIENCIA DE DATOS E INTELIGENCIA ARTIFICIAL,3,1,2.69,28.0,1,0,1,1.0,1.0,True,1
Estudiante 227,2024 - 2025 CII,"(2024, 2, 'CII')",CIENCIAS MATEMATICAS Y FISICAS,CIENCIA DE DATOS E INTELIGENCIA ARTIFICIAL,3,1,7.06,72.0,0,1,1,1.0,0.0,True,1
Estudiante 228,2024 - 2025 CI,"(2024, 1, 'CI')",CIENCIAS MATEMATICAS Y FISICAS,CIENCIA DE DATOS E INTELIGENCIA ARTIFICIAL,2,1,7.73,96.0,0,1,1,1.0,0.0,False,0
Estudiante 228,2024 - 2025 CII,"(2024, 2, 'CII')",CIENCIAS MATEMATICAS Y FISICAS,CIENCIA DE DATOS E INTELIGENCIA ARTIFICIAL,3,1,7.85,82.0,0,1,1,1.0,0.0,True,1
Estudiante 229,2024 - 2025 CII,"(2024, 2, 'CII')",CIENCIAS MATEMATICAS Y FISICAS,CIENCIA DE DATOS E INTELIGENCIA ARTIFICIAL,3,1,8.91,82.0,0,1,1,1.0,0.0,True,1
Estudiante 23,2024 - 2025 CII,"(2024, 2, 'CII')",CIENCIAS MATEMATICAS Y FISICAS,CIENCIA DE DATOS E INTELIGENCIA ARTIFICIAL,1,7,9.48857142857143,98.42857142857144,0,7,1,1.0,0.0,False,0
Estudiante 230,2024 - 2025 CII,"(2024, 2, 'CII')",CIENCIAS MATEMATICAS Y FISICAS,CIENCIA DE DATOS E INTELIGENCIA ARTIFICIAL,3,1,7.98,90.0,0,1,1,1.0,0.0,True,1
Estudiante 231,2024 - 2025 CII,"(2024, 2, 'CII')",CIENCIAS MATEMATICAS Y FISICAS,CIENCIA DE DATOS E INTELIGENCIA ARTIFICIAL,3,1,0.0,0.0,1,0,1,1.0,1.0,True,1
Estudiante 232,2024 - 2025 CII,"(2024, 2, 'CII')",CIENCIAS MATEMATICAS Y FISICAS,CIENCIA DE DATOS E INTELIGENCIA ARTIFICIAL,3,1,8.4,93.0,0,1,1,1.0,0.0,True,1
Estudiante 233,2024 - 2025 CII,"(2024, 2, 'CII')",CIENCIAS MATEMATICAS Y FISICAS,CIENCIA DE DATOS E INTELIGENCIA ARTIFICIAL,3,1,0.0,0.0,1,0,1,1.0,1.0,True,1
Estudiante 234,2024 - 2025 CII,"(2024, 2, 'CII')",CIENCIAS MATEMATICAS Y FISICAS,CIENCIA DE DATOS E INTELIGENCIA ARTIFICIAL,3,1,8.24,88.0,0,1,1,1.0,0.0,True,1
Estudiante 235,2024 - 2025 CI,"(2024, 1, 'CI')",CIENCIAS MATEMATICAS Y FISICAS,CIENCIA DE DATOS E INTELIGENCIA ARTIFICIAL,2,1,8.67,96.0,0,1,1,1.0,0.0,False,0
Estudiante 235,2024 - 2025 CII,"(2024, 2, 'CII')",CIENCIAS MATEMATICAS Y FISICAS,CIENCIA DE DATOS E INTELIGENCIA ARTIFICIAL,3,1,9.01,100.0,0,1,1,1.0,0.0,True,1
Estudiante 236,2024 - 2025 CII,"(2024, 2, 'CII')",CIENCIAS MATEMATICAS Y FISICAS,CIENCIA DE DATOS E INTELIGENCIA ARTIFICIAL,3,1,8.92,97.0,0,1,3,3.0,0.0,True,1
Estudiante 237,2024 - 2025 CII,"(2024, 2, 'CII')",CIENCIAS MATEMATICAS Y FISICAS,CIENCIA DE DATOS E INTELIGENCIA ARTIFICIAL,3,1,8.35,85.0,0,1,1,1.0,0.0,True,1
Estudiante 238,2024 - 2025 CII,"(2024, 2, 'CII')",CIENCIAS MATEMATICAS Y FISICAS,CIENCIA DE DATOS E INTELIGENCIA ARTIFICIAL,3,1,8.14,100.0,0,1,1,1.0,0.0,True,1
Estudiante 239,2024 - 2025 CII,"(2024, 2, 'CII')",CIENCIAS MATEMATICAS Y FISICAS,CIENCIA DE DATOS E INTELIGENCIA ARTIFICIAL,3,1,6.71,90.0,1,0,1,1.0,1.0,True,1
Estudiante 24,2024 - 2025 CII,"(2024, 2, 'CII')",CIENCIAS MATEMATICAS Y FISICAS,CIENCIA DE DATOS E INTELIGENCIA ARTIFICIAL,1,7,9.028571428571428,98.42857142857144,0,7,1,1.0,0.0,False,0
Estudiante 240,2024 - 2025 CII,"(2024, 2, 'CII')",CIENCIAS MATEMATICAS Y FISICAS,CIENCIA DE DATOS E INTELIGENCIA ARTIFICIAL,3,1,7.26,100.0,0,1,1,1.0,0.0,True,1
Estudiante 241,2024 - 2025 CII,"(2024, 2, 'CII')",CIENCIAS MATEMATICAS Y FISICAS,CIENCIA DE DATOS E INTELIGENCIA ARTIFICIAL,3,1,8.02,96.0,0,1,1,1.0,0.0,True,1
Estudiante 242,2024 - 2025 CII,"(2024, 2, 'CII')",CIENCIAS MATEMATICAS Y FISICAS,CIENCIA DE DATOS E INTELIGENCIA ARTIFICIAL,3,1,0.0,0.0,1,0,1,1.0,1.0,True,1
Estudiante 243,2024 - 2025 CII,"(2024, 2, 'CII')",CIENCIAS MATEMATICAS Y FISICAS,CIENCIA DE DATOS E INTELIGENCIA ARTIFICIAL,3,1,3.11,76.0,1,0,1,1.0,1.0,True,1
Estudiante 244,2024 - 2025 CII,"(2024, 2, 'CII')",CIENCIAS MATEMATICAS Y FISICAS,CIENCIA DE DATOS E INTELIGENCIA ARTIFICIAL,3,1,7.68,94.0,0,1,2,2.0,0.0,True,1
Estudiante 245,2024 - 2025 CII,"(2024, 2, 'CII')",CIENCIAS MATEMATICAS Y FISICAS,CIENCIA DE DATOS E INTELIGENCIA ARTIFICIAL,3,1,7.06,82.0,0,1,2,2.0,0.0,True,1
Estudiante 246,2024 - 2025 CII,"(2024, 2, 'CII')",CIENCIAS MATEMATICAS Y FISICAS,CIENCIA DE DATOS E INTELIGENCIA ARTIFICIAL,3,1,7.04,86.0,0,1,1,1.0,0.0,True,1
Estudiante 247,2024 - 2025 CII,"(2024, 2, 'CII')",CIENCIAS MATEMATICAS Y FISICAS,CIENCIA DE DATOS E INTELIGENCIA ARTIFICIAL,3,1,7.82,72.0,0,1,1,1.0,0.0,True,1
Estudiante 248,2024 - 2025 CII,"(2024, 2, 'CII')",CIENCIAS MATEMATICAS Y FISICAS,CIENCIA DE DATOS E INTELIGENCIA ARTIFICIAL,3,1,2.62,58.0,1,0,2,2.0,1.0,True,1
Estudiante 249,2024 - 2025 CII,"(2024, 2, 'CII')",CIENCIAS MATEMATICAS Y FISICAS,CIENCIA DE DATOS E INTELIGENCIA ARTIFICIAL,3,1,7.02,90.0,0,1,1,1.0,0.0,True,1
Estudiante 25,2024 - 2025 CII,"(2024, 2, 'CII')",CIENCIAS MATEMATICAS Y FISICAS,CIENCIA DE DATOS E INTELIGENCIA ARTIFICIAL,1,7,9.138571428571428,98.85714285714286,0,7,1,1.0,0.0,False,0
Estudiante 250,2024 - 2025 CII,"(2024, 2, 'CII')",CIENCIAS MATEMATICAS Y FISICAS,CIENCIA DE DATOS E INTELIGENCIA ARTIFICIAL,3,1,3.04,68.0,1,0,1,1.0,1.0,True,1
Estudiante 251,2024 - 2025 CII,"(2024, 2, 'CII')",CIENCIAS MATEMATICAS Y FISICAS,CIENCIA DE DATOS E INTELIGENCIA ARTIFICIAL,3,1,0.0,0.0,1,0,2,2.0,1.0,True,1
Estudiante 252,2024 - 2025 CII,"(2024, 2, 'CII')",CIENCIAS MATEMATICAS Y FISICAS,CIENCIA DE DATOS E INTELIGENCIA ARTIFICIAL,3,1,8.62,94.0,0,1,1,1.0,0.0,True,1
Estudiante 253,2024 - 2025 CII,"(2024, 2, 'CII')",CIENCIAS MATEMATICAS Y FISICAS,CIENCIA DE DATOS E INTELIGENCIA ARTIFICIAL,3,1,8.69,90.0,0,1,2,2.0,0.0,True,1
Estudiante 254,2024 - 2025 CI,"(2024, 1, 'CI')",CIENCIAS MATEMATICAS Y FISICAS,CIENCIA DE DATOS E INTELIGENCIA ARTIFICIAL,1,7,0.31,8.571428571428571,7,0,1,1.0,1.0,True,1
Estudiante 255,2024 - 2025 CI,"(2024, 1, 'CI')",CIENCIAS MATEMATICAS Y FISICAS,CIENCIA DE DATOS E INTELIGENCIA ARTIFICIAL,1,7,1.59,15.714285714285714,7,0,1,1.0,1.0,True,1
Estudiante 256,2023 - 2024 CII,"(2023, 2, 'CII')",CIENCIAS MATEMATICAS Y FISICAS,CIENCIA DE DATOS E INTELIGENCIA ARTIFICIAL,1,5,6.526000000000001,85.8,2,3,1,1.0,0.4,False,0
Estudiante 256,2024 - 2025 CI,"(2024, 1, 'CI')",CIENCIAS MATEMATICAS Y FISICAS,CIENCIA DE DATOS E INTELIGENCIA ARTIFICIAL,1,4,1.1,21.5,4,0,2,1.5,1.0,True,1
Estudiante 257,2023 - 2024 CII,"(2023, 2, 'CII')",CIENCIAS MATEMATICAS Y FISICAS,CIENCIA DE DATOS E INTELIGENCIA ARTIFICIAL,1,7,6.567142857142857,93.42857142857144,3,4,1,1.0,0.4285714285714285,False,0
Estudiante 257,2024 - 2025 CI,"(2024, 1, 'CI')",CIENCIAS MATEMATICAS Y FISICAS,CIENCIA DE DATOS E INTELIGENCIA ARTIFICIAL,1,3,3.516666666666667,62.0,3,0,2,2.0,1.0,True,1
Estudiante 258,2024 - 2025 CI,"(2024, 1, 'CI')",CIENCIAS MATEMATICAS Y FISICAS,CIENCIA DE DATOS E INTELIGENCIA ARTIFICIAL,1,7,0.4714285714285714,11.0,7,0,1,1.0,1.0,True,1
Estudiante 259,2024 - 2025 CI,"(2024, 1, 'CI')",CIENCIAS MATEMATICAS Y FISICAS,CIENCIA DE DATOS E INTELIGENCIA ARTIFICIAL,1,7,0.6014285714285715,13.428571428571429,7,0,1,1.0,1.0,True,1
Estudiante 26,2024 - 2025 CII,"(2024, 2, 'CII')",CIENCIAS MATEMATICAS Y FISICAS,CIENCIA DE DATOS E INTELIGENCIA ARTIFICIAL,1,4,4.9975000000000005,94.75,4,0,1,1.0,1.0,False,0
Estudiante 260,2024 - 2025 CI,"(2024, 1, 'CI')",CIENCIAS MATEMATICAS Y FISICAS,CIENCIA DE DATOS E INTELIGENCIA ARTIFICIAL,1,6,3.9616666666666656,49.833333333333336,5,1,1,1.0,0.8333333333333334,True,1
Estudiante 261,2023 - 2024 CII,"(2023, 2, 'CII')",CIENCIAS MATEMATICAS Y FISICAS,CIENCIA DE DATOS E INTELIGENCIA ARTIFICIAL,1,7,4.668571428571428,85.71428571428571,7,0,1,1.0,1.0,False,0
Estudiante 261,2024 - 2025 CI,"(2024, 1, 'CI')",CIENCIAS MATEMATICAS Y FISICAS,CIENCIA DE DATOS E INTELIGENCIA ARTIFICIAL,1,7,3.51,72.0,7,0,2,2.0,1.0,False,1
Estudiante 262,2023 - 2024 CII,"(2023, 2, 'CII')",CIENCIAS MATEMATICAS Y FISICAS,CIENCIA DE DATOS E INTELIGENCIA ARTIFICIAL,1,7,2.9057142857142857,68.14285714285714,7,0,1,1.0,1.0,False,0
Estudiante 262,2024 - 2025 CI,"(2024, 1, 'CI')",CIENCIAS MATEMATICAS Y FISICAS,CIENCIA DE DATOS E INTELIGENCIA ARTIFICIAL,1,7,1.6714285714285713,43.57142857142857,7,0,2,2.0,1.0,True,1
Estudiante 263,2024 - 2025 CI,"(2024, 1, 'CI')",CIENCIAS MATEMATICAS Y FISICAS,CIENCIA DE DATOS E INTELIGENCIA ARTIFICIAL,1,7,8.171428571428573,94.57142857142856,1,6,1,1.0,0.1428571428571428,True,1
Estudiante 264,2023 - 2024 CII,"(2023, 2, 'CII')",CIENCIAS MATEMATICAS Y FISICAS,CIENCIA DE DATOS E INTELIGENCIA ARTIFICIAL,1,7,6.668571428571428,90.85714285714286,3,4,1,1.0,0.4285714285714285,False,0
Estudiante 264,2024 - 2025 CI,"(2024, 1, 'CI')",CIENCIAS MATEMATICAS Y FISICAS,CIENCIA DE DATOS E INTELIGENCIA ARTIFICIAL,2,6,0.1816666666666666,22.33333333333333,6,0,2,1.5,1.0,True,1
Estudiante 265,2024 - 2025 CI,"(2024, 1, 'CI')",CIENCIAS MATEMATICAS Y FISICAS,CIENCIA DE DATOS E INTELIGENCIA ARTIFICIAL,1,7,4.477142857142857,59.142857142857146,6,1,1,1.0,0.8571428571428571,True,1
Estudiante 266,2023 - 2024 CII,"(2023, 2, 'CII')",CIENCIAS MATEMATICAS Y FISICAS,CIENCIA DE DATOS E INTELIGENCIA ARTIFICIAL,1,7,6.121428571428572,94.0,6,1,1,1.0,0.8571428571428571,False,0
Estudiante 266,2024 - 2025 CI,"(2024, 1, 'CI')",CIENCIAS MATEMATICAS Y FISICAS,CIENCIA DE DATOS E INTELIGENCIA ARTIFICIAL,2,7,4.297142857142857,77.0,7,0,2,1.8571428571428568,1.0,True,1
Estudiante 267,2023 - 2024 CII,"(2023, 2, 'CII')",CIENCIAS MATEMATICAS Y FISICAS,CIENCIA DE DATOS E INTELIGENCIA ARTIFICIAL,1,7,7.641428571428571,95.28571428571428,2,5,1,1.0,0.2857142857142857,False,0
Estudiante 267,2024 - 2025 CI,"(2024, 1, 'CI')",CIENCIAS MATEMATICAS Y FISICAS,CIENCIA DE DATOS E INTELIGENCIA ARTIFICIAL,2,6,1.2383333333333333,16.833333333333332,6,0,2,1.3333333333333333,1.0,True,1
Estudiante 268,2024 - 2025 CI,"(2024, 1, 'CI')",CIENCIAS MATEMATICAS Y FISICAS,CIENCIA DE DATOS E INTELIGENCIA ARTIFICIAL,1,7,2.8057142857142856,41.57142857142857,7,0,1,1.0,1.0,True,1
Estudiante 269,2024 - 2025 CI,"(2024, 1, 'CI')",CIENCIAS MATEMATICAS Y FISICAS,CIENCIA DE DATOS E INTELIGENCIA ARTIFICIAL,1,7,2.5042857142857144,32.42857142857143,7,0,1,1.0,1.0,True,1
Estudiante 27,2024 - 2025 CII,"(2024, 2, 'CII')",CIENCIAS MATEMATICAS Y FISICAS,CIENCIA DE DATOS E INTELIGENCIA ARTIFICIAL,1,7,8.948571428571428,97.85714285714286,0,7,1,1.0,0.0,False,0
Estudiante 270,2024 - 2025 CI,"(2024, 1, 'CI')",CIENCIAS MATEMATICAS Y FISICAS,CIENCIA DE DATOS E INTELIGENCIA ARTIFICIAL,1,7,0.6842857142857143,7.571428571428571,7,0,1,1.0,1.0,True,1
Estudiante 271,2024 - 2025 CI,"(2024, 1, 'CI')",CIENCIAS MATEMATICAS Y FISICAS,CIENCIA DE DATOS E INTELIGENCIA ARTIFICIAL,1,7,9.334285714285716,100.0,0,7,1,1.0,0.0,False,1
Estudiante 272,2024 - 2025 CI,"(2024, 1, 'CI')",CIENCIAS MATEMATICAS Y FISICAS,CIENCIA DE DATOS E INTELIGENCIA ARTIFICIAL,1,3,2.676666666666667,48.0,3,0,1,1.0,1.0,True,1
Estudiante 273,2023 - 2024 CII,"(2023, 2, 'CII')",CIENCIAS MATEMATICAS Y FISICAS,CIENCIA DE DATOS E INTELIGENCIA ARTIFICIAL,1,7,7.324285714285714,95.28571428571428,2,5,1,1.0,0.2857142857142857,False,0
Estudiante 273,2024 - 2025 CI,"(2024, 1, 'CI')",CIENCIAS MATEMATICAS Y FISICAS,CIENCIA DE DATOS E INTELIGENCIA ARTIFICIAL,2,6,0.4533333333333333,21.83333333333333,6,0,2,1.3333333333333333,1.0,False,1
Estudiante 274,2023 - 2024 CII,"(2023, 2, 'CII')",CIENCIAS MATEMATICAS Y FISICAS,CIENCIA DE DATOS E INTELIGENCIA ARTIFICIAL,1,7,7.905714285714287,98.57142857142856,1,6,1,1.0,0.1428571428571428,False,0
Estudiante 274,2024 - 2025 CI,"(2024, 1, 'CI')",CIENCIAS MATEMATICAS Y FISICAS,CIENCIA DE DATOS E INTELIGENCIA ARTIFICIAL,2,2,6.215,31.5,1,1,2,1.5,0.5,True,1
Estudiante 275,2024 - 2025 CI,"(2024, 1, 'CI')",CIENCIAS MATEMATICAS Y FISICAS,CIENCIA DE DATOS E INTELIGENCIA ARTIFICIAL,1,1,8.45,93.0,0,1,1,1.0,0.0,True,1
Estudiante 276,2024 - 2025 CI,"(2024, 1, 'CI')",CIENCIAS MATEMATICAS Y FISICAS,CIENCIA DE DATOS E INTELIGENCIA ARTIFICIAL,1,1,0.0,0.0,1,0,1,1.0,1.0,True,1
Estudiante 277,2024 - 2025 CI,"(2024, 1, 'CI')",CIENCIAS MATEMATICAS Y FISICAS,CIENCIA DE DATOS E INTELIGENCIA ARTIFICIAL,1,1,6.9,90.0,1,0,1,1.0,1.0,True,1
Estudiante 278,2024 - 2025 CI,"(2024, 1, 'CI')",CIENCIAS MATEMATICAS Y FISICAS,CIENCIA DE DATOS E INTELIGENCIA ARTIFICIAL,1,1,7.39,100.0,0,1,1,1.0,0.0,True,1
Estudiante 279,2024 - 2025 CI,"(2024, 1, 'CI')",CIENCIAS MATEMATICAS Y FISICAS,CIENCIA DE DATOS E INTELIGENCIA ARTIFICIAL,1,1,7.77,94.0,0,1,1,1.0,0.0,True,1
Estudiante 28,2024 - 2025 CII,"(2024, 2, 'CII')",CIENCIAS MATEMATICAS Y FISICAS,CIENCIA DE DATOS E INTELIGENCIA ARTIFICIAL,1,6,7.666666666666667,96.33333333333331,1,5,1,1.0,0.1666666666666666,False,0
Estudiante 280,2024 - 2025 CI,"(2024, 1, 'CI')",CIENCIAS MATEMATICAS Y FISICAS,CIENCIA DE DATOS E INTELIGENCIA ARTIFICIAL,1,1,6.3,96.0,1,0,1,1.0,1.0,True,1
Estudiante 281,2024 - 2025 CI,"(2024, 1, 'CI')",CIENCIAS MATEMATICAS Y FISICAS,CIENCIA DE DATOS E INTELIGENCIA ARTIFICIAL,1,1,6.92,96.0,1,0,1,1.0,1.0,True,1
Estudiante 282,2024 - 2025 CI,"(2024, 1, 'CI')",CIENCIAS MATEMATICAS Y FISICAS,CIENCIA DE DATOS E INTELIGENCIA ARTIFICIAL,1,1,2.92,67.0,1,0,1,1.0,1.0,True,1
Estudiante 283,2024 - 2025 CI,"(2024, 1, 'CI')",CIENCIAS MATEMATICAS Y FISICAS,CIENCIA DE DATOS E INTELIGENCIA ARTIFICIAL,1,1,7.74,94.0,0,1,1,1.0,0.0,True,1
Estudiante 284,2024 - 2025 CI,"(2024, 1, 'CI')",CIENCIAS MATEMATICAS Y FISICAS,CIENCIA DE DATOS E INTELIGENCIA ARTIFICIAL,1,1,7.99,100.0,0,1,1,1.0,0.0,True,1
Estudiante 285,2024 - 2025 CI,"(2024, 1, 'CI')",CIENCIAS MATEMATICAS Y FISICAS,CIENCIA DE DATOS E INTELIGENCIA ARTIFICIAL,1,1,5.45,75.0,1,0,1,1.0,1.0,True,1
Estudiante 286,2024 - 2025 CI,"(2024, 1, 'CI')",CIENCIAS MATEMATICAS Y FISICAS,CIENCIA DE DATOS E INTELIGENCIA ARTIFICIAL,1,1,0.97,68.0,1,0,1,1.0,1.0,True,1
Estudiante 287,2024 - 2025 CI,"(2024, 1, 'CI')",CIENCIAS MATEMATICAS Y FISICAS,CIENCIA DE DATOS E INTELIGENCIA ARTIFICIAL,1,1,7.29,90.0,0,1,1,1.0,0.0,True,1
Estudiante 288,2023 - 2024 CII,"(2023, 2, 'CII')",CIENCIAS MATEMATICAS Y FISICAS,CIENCIA DE DATOS E INTELIGENCIA ARTIFICIAL,1,1,5.37,86.0,1,0,1,1.0,1.0,False,0
Estudiante 288,2024 - 2025 CI,"(2024, 1, 'CI')",CIENCIAS MATEMATICAS Y FISICAS,CIENCIA DE DATOS E INTELIGENCIA ARTIFICIAL,1,1,6.5,90.0,1,0,2,2.0,1.0,True,1
Estudiante 289,2024 - 2025 CI,"(2024, 1, 'CI')",CIENCIAS MATEMATICAS Y FISICAS,CIENCIA DE DATOS E INTELIGENCIA ARTIFICIAL,1,1,8.03,100.0,0,1,1,1.0,0.0,True,1
Estudiante 29,2024 - 2025 CII,"(2024, 2, 'CII')",CIENCIAS MATEMATICAS Y FISICAS,CIENCIA DE DATOS E INTELIGENCIA ARTIFICIAL,1,7,8.744285714285715,97.42857142857144,0,7,1,1.0,0.0,False,0
Estudiante 290,2024 - 2025 CI,"(2024, 1, 'CI')",CIENCIAS MATEMATICAS Y FISICAS,CIENCIA DE DATOS E INTELIGENCIA ARTIFICIAL,1,1,3.64,67.0,1,0,1,1.0,1.0,True,1
Estudiante 291,2024 - 2025 CI,"(2024, 1, 'CI')",CIENCIAS MATEMATICAS Y FISICAS,CIENCIA DE DATOS E INTELIGENCIA ARTIFICIAL,1,1,7.79,87.0,0,1,1,1.0,0.0,True,1
Estudiante 292,2024 - 2025 CI,"(2024, 1, 'CI')",CIENCIAS MATEMATICAS Y FISICAS,CIENCIA DE DATOS E INTELIGENCIA ARTIFICIAL,1,1,7.32,78.0,0,1,1,1.0,0.0,True,1
Estudiante 293,2024 - 2025 CI,"(2024, 1, 'CI')",CIENCIAS MATEMATICAS Y FISICAS,CIENCIA DE DATOS E INTELIGENCIA ARTIFICIAL,1,1,4.22,82.0,1,0,2,2.0,1.0,True,1
Estudiante 294,2024 - 2025 CI,"(2024, 1, 'CI')",CIENCIAS MATEMATICAS Y FISICAS,CIENCIA DE DATOS E INTELIGENCIA ARTIFICIAL,1,1,1.52,67.0,1,0,1,1.0,1.0,True,1
Estudiante 295,2024 - 2025 CI,"(2024, 1, 'CI')",CIENCIAS MATEMATICAS Y FISICAS,CIENCIA DE DATOS E INTELIGENCIA ARTIFICIAL,1,1,0.0,0.0,1,0,1,1.0,1.0,True,1
Estudiante 296,2023 - 2024 CII,"(2023, 2, 'CII')",CIENCIAS MATEMATICAS Y FISICAS,CIENCIA DE DATOS E INTELIGENCIA ARTIFICIAL,1,7,7.957142857142857,96.57142857142856,1,6,1,1.0,0.1428571428571428,False,0
Estudiante 296,2024 - 2025 CI,"(2024, 1, 'CI')",CIENCIAS MATEMATICAS Y FISICAS,CIENCIA DE DATOS E INTELIGENCIA ARTIFICIAL,2,5,7.57,98.8,1,4,1,1.0,0.2,True,1
Estudiante 297,2023 - 2024 CII,"(2023, 2, 'CII')",CIENCIAS MATEMATICAS Y FISICAS,CIENCIA DE DATOS E INTELIGENCIA ARTIFICIAL,1,7,9.462857142857144,100.0,0,7,1,1.0,0.0,False,0
Estudiante 297,2024 - 2025 CI,"(2024, 1, 'CI')",CIENCIAS MATEMATICAS Y FISICAS,CIENCIA DE DATOS E INTELIGENCIA ARTIFICIAL,2,7,8.774285714285714,98.71428571428572,0,7,1,1.0,0.0,True,1
Estudiante 298,2023 - 2024 CII,"(2023, 2, 'CII')",CIENCIAS MATEMATICAS Y FISICAS,CIENCIA DE DATOS E INTELIGENCIA ARTIFICIAL,1,7,8.192857142857141,93.42857142857144,0,7,1,1.0,0.0,False,0
Estudiante 298,2024 - 2025 CI,"(2024, 1, 'CI')",CIENCIAS MATEMATICAS Y FISICAS,CIENCIA DE DATOS E INTELIGENCIA ARTIFICIAL,2,7,0.8514285714285714,19.285714285714285,7,0,1,1.0,1.0,True,1
Estudiante 299,2024 - 2025 CI,"(2024, 1, 'CI')",CIENCIAS MATEMATICAS Y FISICAS,CIENCIA DE DATOS E INTELIGENCIA ARTIFICIAL,2,1,4.01,82.0,1,0,1,1.0,1.0,True,1
Estudiante 3,2024 - 2025 CII,"(2024, 2, 'CII')",CIENCIAS MATEMATICAS Y FISICAS,CIENCIA DE DATOS E INTELIGENCIA ARTIFICIAL,1,7,9.154285714285717,98.42857142857144,0,7,1,1.0,0.0,False,0
Estudiante 30,2024 - 2025 CII,"(2024, 2, 'CII')",CIENCIAS MATEMATICAS Y FISICAS,CIENCIA DE DATOS E INTELIGENCIA ARTIFICIAL,1,7,8.774285714285714,98.28571428571428,0,7,1,1.0,0.0,False,0
Estudiante 300,2024 - 2025 CI,"(2024, 1, 'CI')",CIENCIAS MATEMATICAS Y FISICAS,CIENCIA DE DATOS E INTELIGENCIA ARTIFICIAL,2,1,3.22,89.0,1,0,1,1.0,1.0,True,1
Estudiante 301,2024 - 2025 CI,"(2024, 1, 'CI')",CIENCIAS MATEMATICAS Y FISICAS,CIENCIA DE DATOS E INTELIGENCIA ARTIFICIAL,2,1,0.0,0.0,1,0,2,2.0,1.0,True,1
Estudiante 302,2024 - 2025 CI,"(2024, 1, 'CI')",CIENCIAS MATEMATICAS Y FISICAS,CIENCIA DE DATOS E INTELIGENCIA ARTIFICIAL,2,1,5.55,96.0,1,0,1,1.0,1.0,True,1
Estudiante 303,2024 - 2025 CI,"(2024, 1, 'CI')",CIENCIAS MATEMATICAS Y FISICAS,CIENCIA DE DATOS E INTELIGENCIA ARTIFICIAL,2,1,5.71,96.0,1,0,2,2.0,1.0,True,1
Estudiante 304,2024 - 2025 CI,"(2024, 1, 'CI')",CIENCIAS MATEMATICAS Y FISICAS,CIENCIA DE DATOS E INTELIGENCIA ARTIFICIAL,2,1,0.0,0.0,1,0,2,2.0,1.0,True,1
Estudiante 305,2024 - 2025 CI,"(2024, 1, 'CI')",CIENCIAS MATEMATICAS Y FISICAS,CIENCIA DE DATOS E INTELIGENCIA ARTIFICIAL,2,1,7.19,100.0,0,1,1,1.0,0.0,True,1
Estudiante 306,2024 - 2025 CI,"(2024, 1, 'CI')",CIENCIAS MATEMATICAS Y FISICAS,CIENCIA DE DATOS E INTELIGENCIA ARTIFICIAL,2,1,7.83,96.0,0,1,1,1.0,0.0,True,1
Estudiante 307,2024 - 2025 CI,"(2024, 1, 'CI')",CIENCIAS MATEMATICAS Y FISICAS,CIENCIA DE DATOS E INTELIGENCIA ARTIFICIAL,2,1,0.0,0.0,1,0,1,1.0,1.0,True,1
Estudiante 308,2024 - 2025 CI,"(2024, 1, 'CI')",CIENCIAS MATEMATICAS Y FISICAS,CIENCIA DE DATOS E INTELIGENCIA ARTIFICIAL,2,1,5.06,67.0,1,0,2,2.0,1.0,True,1
Estudiante 309,2024 - 2025 CI,"(2024, 1, 'CI')",CIENCIAS MATEMATICAS Y FISICAS,CIENCIA DE DATOS E INTELIGENCIA ARTIFICIAL,2,1,7.51,100.0,0,1,1,1.0,0.0,True,1
Estudiante 31,2024 - 2025 CII,"(2024, 2, 'CII')",CIENCIAS MATEMATICAS Y FISICAS,CIENCIA DE DATOS E INTELIGENCIA ARTIFICIAL,1,7,0.0,0.0,7,0,1,1.0,1.0,True,1
Estudiante 310,2024 - 2025 CI,"(2024, 1, 'CI')",CIENCIAS MATEMATICAS Y FISICAS,CIENCIA DE DATOS E INTELIGENCIA ARTIFICIAL,2,1,7.49,92.0,0,1,1,1.0,0.0,True,1
Estudiante 311,2024 - 2025 CI,"(2024, 1, 'CI')",CIENCIAS MATEMATICAS Y FISICAS,CIENCIA DE DATOS E INTELIGENCIA ARTIFICIAL,2,1,0.0,0.0,1,0,2,2.0,1.0,True,1
Estudiante 312,2024 - 2025 CI,"(2024, 1, 'CI')",CIENCIAS MATEMATICAS Y FISICAS,CIENCIA DE DATOS E INTELIGENCIA ARTIFICIAL,2,1,6.7,86.0,1,0,1,1.0,1.0,True,1
Estudiante 313,2024 - 2025 CI,"(2024, 1, 'CI')",CIENCIAS MATEMATICAS Y FISICAS,CIENCIA DE DATOS E INTELIGENCIA ARTIFICIAL,2,1,6.76,100.0,1,0,1,1.0,1.0,True,1
Estudiante 314,2024 - 2025 CI,"(2024, 1, 'CI')",CIENCIAS MATEMATICAS Y FISICAS,CIENCIA DE DATOS E INTELIGENCIA ARTIFICIAL,2,1,8.3,100.0,0,1,1,1.0,0.0,True,1
Estudiante 315,2024 - 2025 CI,"(2024, 1, 'CI')",CIENCIAS MATEMATICAS Y FISICAS,CIENCIA DE DATOS E INTELIGENCIA ARTIFICIAL,2,1,7.61,96.0,0,1,1,1.0,0.0,True,1
Estudiante 316,2024 - 2025 CI,"(2024, 1, 'CI')",CIENCIAS MATEMATICAS Y FISICAS,CIENCIA DE DATOS E INTELIGENCIA ARTIFICIAL,2,1,7.71,96.0,0,1,1,1.0,0.0,True,1
Estudiante 317,2024 - 2025 CI,"(2024, 1, 'CI')",CIENCIAS MATEMATICAS Y FISICAS,CIENCIA DE DATOS E INTELIGENCIA ARTIFICIAL,2,1,0.0,0.0,1,0,1,1.0,1.0,True,1
Estudiante 318,2024 - 2025 CI,"(2024, 1, 'CI')",CIENCIAS MATEMATICAS Y FISICAS,CIENCIA DE DATOS E INTELIGENCIA ARTIFICIAL,2,1,7.96,96.0,0,1,1,1.0,0.0,True,1
Estudiante 319,2024 - 2025 CI,"(2024, 1, 'CI')",CIENCIAS MATEMATICAS Y FISICAS,CIENCIA DE DATOS E INTELIGENCIA ARTIFICIAL,2,1,6.08,96.0,1,0,1,1.0,1.0,True,1
Estudiante 32,2024 - 2025 CII,"(2024, 2, 'CII')",CIENCIAS MATEMATICAS Y FISICAS,CIENCIA DE DATOS E INTELIGENCIA ARTIFICIAL,1,7,8.327142857142857,98.42857142857144,0,7,1,1.0,0.0,False,0
Estudiante 320,2024 - 2025 CI,"(2024, 1, 'CI')",CIENCIAS MATEMATICAS Y FISICAS,CIENCIA DE DATOS E INTELIGENCIA ARTIFICIAL,2,1,7.85,96.0,0,1,1,1.0,0.0,True,1
Estudiante 321,2024 - 2025 CI,"(2024, 1, 'CI')",CIENCIAS MATEMATICAS Y FISICAS,CIENCIA DE DATOS E INTELIGENCIA ARTIFICIAL,2,1,7.02,96.0,0,1,1,1.0,0.0,True,1
Estudiante 322,2024 - 2025 CI,"(2024, 1, 'CI')",CIENCIAS MATEMATICAS Y FISICAS,CIENCIA DE DATOS E INTELIGENCIA ARTIFICIAL,2,1,7.38,100.0,0,1,1,1.0,0.0,True,1
Estudiante 323,2024 - 2025 CI,"(2024, 1, 'CI')",CIENCIAS MATEMATICAS Y FISICAS,CIENCIA DE DATOS E INTELIGENCIA ARTIFICIAL,2,1,0.21,0.0,1,0,2,2.0,1.0,True,1
Estudiante 33,2024 - 2025 CII,"(2024, 2, 'CII')",CIENCIAS MATEMATICAS Y FISICAS,CIENCIA DE DATOS E INTELIGENCIA ARTIFICIAL,1,7,8.235714285714286,82.42857142857143,0,7,1,1.0,0.0,False,0
Estudiante 34,2024 - 2025 CII,"(2024, 2, 'CII')",CIENCIAS MATEMATICAS Y FISICAS,CIENCIA DE DATOS E INTELIGENCIA ARTIFICIAL,1,7,2.222857142857143,43.71428571428572,7,0,1,1.0,1.0,False,0
Estudiante 35,2024 - 2025 CII,"(2024, 2, 'CII')",CIENCIAS MATEMATICAS Y FISICAS,CIENCIA DE DATOS E INTELIGENCIA ARTIFICIAL,1,7,8.651428571428571,98.28571428571428,0,7,1,1.0,0.0,False,0
Estudiante 36,2024 - 2025 CII,"(2024, 2, 'CII')",CIENCIAS MATEMATICAS Y FISICAS,CIENCIA DE DATOS E INTELIGENCIA ARTIFICIAL,1,7,8.725714285714286,95.85714285714286,1,6,1,1.0,0.1428571428571428,False,0
Estudiante 37,2024 - 2025 CII,"(2024, 2, 'CII')",CIENCIAS MATEMATICAS Y FISICAS,CIENCIA DE DATOS E INTELIGENCIA ARTIFICIAL,1,7,8.79857142857143,98.42857142857144,0,7,1,1.0,0.0,False,0
Estudiante 38,2024 - 2025 CII,"(2024, 2, 'CII')",CIENCIAS MATEMATICAS Y FISICAS,CIENCIA DE DATOS E INTELIGENCIA ARTIFICIAL,1,7,5.928571428571429,91.57142857142856,3,4,1,1.0,0.4285714285714285,False,0
Estudiante 382,2023 - 2024 CII,"(2023, 2, 'CII')",CIENCIAS MATEMATICAS Y FISICAS,CIENCIA DE DATOS E INTELIGENCIA ARTIFICIAL,1,7,1.195714285714286,23.714285714285715,7,0,1,1.0,1.0,False,1
Estudiante 39,2024 - 2025 CII,"(2024, 2, 'CII')",CIENCIAS MATEMATICAS Y FISICAS,CIENCIA DE DATOS E INTELIGENCIA ARTIFICIAL,1,6,6.991666666666667,93.66666666666669,2,4,1,1.0,0.3333333333333333,False,0
Estudiante 4,2024 - 2025 CII,"(2024, 2, 'CII')",CIENCIAS MATEMATICAS Y FISICAS,CIENCIA DE DATOS E INTELIGENCIA ARTIFICIAL,1,7,8.8,98.42857142857144,0,7,1,1.0,0.0,False,0
Estudiante 40,2024 - 2025 CII,"(2024, 2, 'CII')",CIENCIAS MATEMATICAS Y FISICAS,CIENCIA DE DATOS E INTELIGENCIA ARTIFICIAL,1,7,8.487142857142857,99.57142857142856,0,7,1,1.0,0.0,False,0
Estudiante 41,2024 - 2025 CII,"(2024, 2, 'CII')",CIENCIAS MATEMATICAS Y FISICAS,CIENCIA DE DATOS E INTELIGENCIA ARTIFICIAL,1,7,8.7,98.0,0,7,1,1.0,0.0,False,0
Estudiante 42,2024 - 2025 CII,"(2024, 2, 'CII')",CIENCIAS MATEMATICAS Y FISICAS,CIENCIA DE DATOS E INTELIGENCIA ARTIFICIAL,1,7,7.472857142857143,97.85714285714286,2,5,1,1.0,0.2857142857142857,False,0
Estudiante 43,2024 - 2025 CII,"(2024, 2, 'CII')",CIENCIAS MATEMATICAS Y FISICAS,CIENCIA DE DATOS E INTELIGENCIA ARTIFICIAL,1,7,8.671428571428573,98.42857142857144,0,7,1,1.0,0.0,False,0
Estudiante 44,2024 - 2025 CII,"(2024, 2, 'CII')",CIENCIAS MATEMATICAS Y FISICAS,CIENCIA DE DATOS E INTELIGENCIA ARTIFICIAL,1,7,8.592857142857143,98.42857142857144,0,7,1,1.0,0.0,False,0
Estudiante 444,2023 - 2024 CII,"(2023, 2, 'CII')",CIENCIAS MATEMATICAS Y FISICAS,CIENCIA DE DATOS E INTELIGENCIA ARTIFICIAL,1,7,1.7257142857142858,47.57142857142857,7,0,1,1.0,1.0,True,1
Estudiante 445,2023 - 2024 CII,"(2023, 2, 'CII')",CIENCIAS MATEMATICAS Y FISICAS,CIENCIA DE DATOS E INTELIGENCIA ARTIFICIAL,1,7,0.8757142857142857,9.142857142857142,7,0,1,1.0,1.0,True,1
Estudiante 446,2023 - 2024 CII,"(2023, 2, 'CII')",CIENCIAS MATEMATICAS Y FISICAS,CIENCIA DE DATOS E INTELIGENCIA ARTIFICIAL,1,6,0.0,8.0,6,0,1,1.0,1.0,True,1
Estudiante 447,2023 - 2024 CII,"(2023, 2, 'CII')",CIENCIAS MATEMATICAS Y FISICAS,CIENCIA DE DATOS E INTELIGENCIA ARTIFICIAL,1,7,1.8657142857142857,12.571428571428571,7,0,1,1.0,1.0,True,1
Estudiante 448,2023 - 2024 CII,"(2023, 2, 'CII')",CIENCIAS MATEMATICAS Y FISICAS,CIENCIA DE DATOS E INTELIGENCIA ARTIFICIAL,1,7,3.281428571428571,40.42857142857143,7,0,1,1.0,1.0,True,1
Estudiante 449,2023 - 2024 CII,"(2023, 2, 'CII')",CIENCIAS MATEMATICAS Y FISICAS,CIENCIA DE DATOS E INTELIGENCIA ARTIFICIAL,1,7,0.4457142857142857,0.0,7,0,1,1.0,1.0,True,1
Estudiante 45,2024 - 2025 CII,"(2024, 2, 'CII')",CIENCIAS MATEMATICAS Y FISICAS,CIENCIA DE DATOS E INTELIGENCIA ARTIFICIAL,1,7,8.762857142857143,97.85714285714286,0,7,1,1.0,0.0,False,0
Estudiante 450,2023 - 2024 CII,"(2023, 2, 'CII')",CIENCIAS MATEMATICAS Y FISICAS,CIENCIA DE DATOS E INTELIGENCIA ARTIFICIAL,1,7,0.2357142857142857,0.0,7,0,1,1.0,1.0,True,1
Estudiante 451,2023 - 2024 CII,"(2023, 2, 'CII')",CIENCIAS MATEMATICAS Y FISICAS,CIENCIA DE DATOS E INTELIGENCIA ARTIFICIAL,1,6,3.246666666666666,62.0,6,0,1,1.0,1.0,True,1
Estudiante 452,2023 - 2024 CII,"(2023, 2, 'CII')",CIENCIAS MATEMATICAS Y FISICAS,CIENCIA DE DATOS E INTELIGENCIA ARTIFICIAL,1,7,1.9042857142857144,12.571428571428571,7,0,1,1.0,1.0,True,1
Estudiante 453,2023 - 2024 CII,"(2023, 2, 'CII')",CIENCIAS MATEMATICAS Y FISICAS,CIENCIA DE DATOS E INTELIGENCIA ARTIFICIAL,1,6,6.755,96.16666666666669,3,3,1,1.0,0.5,True,1
Estudiante 454,2023 - 2024 CII,"(2023, 2, 'CII')",CIENCIAS MATEMATICAS Y FISICAS,CIENCIA DE DATOS E INTELIGENCIA ARTIFICIAL,1,3,0.7833333333333333,0.0,3,0,1,1.0,1.0,True,1
Estudiante 455,2023 - 2024 CII,"(2023, 2, 'CII')",CIENCIAS MATEMATICAS Y FISICAS,CIENCIA DE DATOS E INTELIGENCIA ARTIFICIAL,1,5,2.728,29.8,4,1,1,1.0,0.8,True,1
Estudiante 456,2023 - 2024 CII,"(2023, 2, 'CII')",CIENCIAS MATEMATICAS Y FISICAS,CIENCIA DE DATOS E INTELIGENCIA ARTIFICIAL,1,1,8.76,100.0,0,1,1,1.0,0.0,True,1
Estudiante 457,2023 - 2024 CII,"(2023, 2, 'CII')",CIENCIAS MATEMATICAS Y FISICAS,CIENCIA DE DATOS E INTELIGENCIA ARTIFICIAL,1,1,9.4,100.0,0,1,1,1.0,0.0,True,1
Estudiante 458,2023 - 2024 CII,"(2023, 2, 'CII')",CIENCIAS MATEMATICAS Y FISICAS,CIENCIA DE DATOS E INTELIGENCIA ARTIFICIAL,1,1,8.76,96.0,0,1,1,1.0,0.0,True,1
Estudiante 459,2023 - 2024 CII,"(2023, 2, 'CII')",CIENCIAS MATEMATICAS Y FISICAS,CIENCIA DE DATOS E INTELIGENCIA ARTIFICIAL,1,1,9.13,100.0,0,1,1,1.0,0.0,True,1
Estudiante 46,2024 - 2025 CII,"(2024, 2, 'CII')",CIENCIAS MATEMATICAS Y FISICAS,CIENCIA DE DATOS E INTELIGENCIA ARTIFICIAL,1,7,7.37,92.85714285714286,1,6,1,1.0,0.1428571428571428,False,0
Estudiante 460,2023 - 2024 CII,"(2023, 2, 'CII')",CIENCIAS MATEMATICAS Y FISICAS,CIENCIA DE DATOS E INTELIGENCIA ARTIFICIAL,1,1,6.43,96.0,1,0,1,1.0,1.0,True,1
Estudiante 461,2023 - 2024 CII,"(2023, 2, 'CII')",CIENCIAS MATEMATICAS Y FISICAS,CIENCIA DE DATOS E INTELIGENCIA ARTIFICIAL,1,1,7.93,96.0,0,1,1,1.0,0.0,True,1
Estudiante 462,2023 - 2024 CII,"(2023, 2, 'CII')",CIENCIAS MATEMATICAS Y FISICAS,CIENCIA DE DATOS E INTELIGENCIA ARTIFICIAL,1,1,9.44,100.0,0,1,1,1.0,0.0,True,1
Estudiante 463,2023 - 2024 CII,"(2023, 2, 'CII')",CIENCIAS MATEMATICAS Y FISICAS,CIENCIA DE DATOS E INTELIGENCIA ARTIFICIAL,1,1,8.5,100.0,0,1,1,1.0,0.0,True,1
Estudiante 464,2023 - 2024 CII,"(2023, 2, 'CII')",CIENCIAS MATEMATICAS Y FISICAS,CIENCIA DE DATOS E INTELIGENCIA ARTIFICIAL,1,1,7.61,93.0,0,1,1,1.0,0.0,True,1
Estudiante 465,2023 - 2024 CII,"(2023, 2, 'CII')",CIENCIAS MATEMATICAS Y FISICAS,CIENCIA DE DATOS E INTELIGENCIA ARTIFICIAL,1,1,2.74,0.0,1,0,1,1.0,1.0,True,1
Estudiante 466,2023 - 2024 CII,"(2023, 2, 'CII')",CIENCIAS MATEMATICAS Y FISICAS,CIENCIA DE DATOS E INTELIGENCIA ARTIFICIAL,1,1,8.87,96.0,0,1,1,1.0,0.0,True,1
Estudiante 467,2023 - 2024 CII,"(2023, 2, 'CII')",CIENCIAS MATEMATICAS Y FISICAS,CIENCIA DE DATOS E INTELIGENCIA ARTIFICIAL,1,1,8.16,100.0,0,1,1,1.0,0.0,True,1
Estudiante 468,2023 - 2024 CII,"(2023, 2, 'CII')",CIENCIAS MATEMATICAS Y FISICAS,CIENCIA DE DATOS E INTELIGENCIA ARTIFICIAL,1,1,8.77,100.0,0,1,1,1.0,0.0,True,1
Estudiante 469,2023 - 2024 CII,"(2023, 2, 'CII')",CIENCIAS MATEMATICAS Y FISICAS,CIENCIA DE DATOS E INTELIGENCIA ARTIFICIAL,1,1,7.54,76.0,0,1,1,1.0,0.0,True,1
Estudiante 47,2024 - 2025 CII,"(2024, 2, 'CII')",CIENCIAS MATEMATICAS Y FISICAS,CIENCIA DE DATOS E INTELIGENCIA ARTIFICIAL,1,7,8.292857142857143,99.57142857142856,0,7,1,1.0,0.0,False,0
Estudiante 470,2023 - 2024 CII,"(2023, 2, 'CII')",CIENCIAS MATEMATICAS Y FISICAS,CIENCIA DE DATOS E INTELIGENCIA ARTIFICIAL,1,1,7.64,94.0,0,1,1,1.0,0.0,True,1
Estudiante 471,2023 - 2024 CII,"(2023, 2, 'CII')",CIENCIAS MATEMATICAS Y FISICAS,CIENCIA DE DATOS E INTELIGENCIA ARTIFICIAL,1,1,6.33,94.0,1,0,1,1.0,1.0,True,1
Estudiante 48,2024 - 2025 CII,"(2024, 2, 'CII')",CIENCIAS MATEMATICAS Y FISICAS,CIENCIA DE DATOS E INTELIGENCIA ARTIFICIAL,1,6,0.0,0.0,6,0,1,1.0,1.0,True,1
Estudiante 49,2024 - 2025 CII,"(2024, 2, 'CII')",CIENCIAS MATEMATICAS Y FISICAS,CIENCIA DE DATOS E INTELIGENCIA ARTIFICIAL,1,7,8.94,98.42857142857144,0,7,1,1.0,0.0,False,0
Estudiante 5,2024 - 2025 CII,"(2024, 2, 'CII')",CIENCIAS MATEMATICAS Y FISICAS,CIENCIA DE DATOS E INTELIGENCIA ARTIFICIAL,1,7,7.094285714285713,97.28571428571428,3,4,1,1.0,0.4285714285714285,False,0
Estudiante 50,2024 - 2025 CII,"(2024, 2, 'CII')",CIENCIAS MATEMATICAS Y FISICAS,CIENCIA DE DATOS E INTELIGENCIA ARTIFICIAL,1,7,8.274285714285714,98.42857142857144,1,6,1,1.0,0.1428571428571428,False,0
Estudiante 51,2024 - 2025 CII,"(2024, 2, 'CII')",CIENCIAS MATEMATICAS Y FISICAS,CIENCIA DE DATOS E INTELIGENCIA ARTIFICIAL,1,7,8.345714285714285,98.42857142857144,0,7,1,1.0,0.0,False,0
Estudiante 52,2024 - 2025 CII,"(2024, 2, 'CII')",CIENCIAS MATEMATICAS Y FISICAS,CIENCIA DE DATOS E INTELIGENCIA ARTIFICIAL,1,7,3.2857142857142856,50.0,6,1,1,1.0,0.8571428571428571,False,0
Estudiante 53,2024 - 2025 CII,"(2024, 2, 'CII')",CIENCIAS MATEMATICAS Y FISICAS,CIENCIA DE DATOS E INTELIGENCIA ARTIFICIAL,1,7,7.254285714285714,90.28571428571428,1,6,1,1.0,0.1428571428571428,False,0
Estudiante 54,2024 - 2025 CII,"(2024, 2, 'CII')",CIENCIAS MATEMATICAS Y FISICAS,CIENCIA DE DATOS E INTELIGENCIA ARTIFICIAL,1,7,2.05,66.0,7,0,1,1.0,1.0,True,1
Estudiante 55,2024 - 2025 CII,"(2024, 2, 'CII')",CIENCIAS MATEMATICAS Y FISICAS,CIENCIA DE DATOS E INTELIGENCIA ARTIFICIAL,1,7,8.371428571428572,96.42857142857144,1,6,1,1.0,0.1428571428571428,False,0
Estudiante 56,2024 - 2025 CII,"(2024, 2, 'CII')",CIENCIAS MATEMATICAS Y FISICAS,CIENCIA DE DATOS E INTELIGENCIA ARTIFICIAL,1,7,7.854285714285714,98.85714285714286,1,6,1,1.0,0.1428571428571428,False,0
Estudiante 57,2023 - 2024 CII,"(2023, 2, 'CII')",CIENCIAS MATEMATICAS Y FISICAS,CIENCIA DE DATOS E INTELIGENCIA ARTIFICIAL,1,7,6.512857142857143,93.42857142857144,3,4,1,1.0,0.4285714285714285,False,0
Estudiante 57,2024 - 2025 CI,"(2024, 1, 'CI')",CIENCIAS MATEMATICAS Y FISICAS,CIENCIA DE DATOS E INTELIGENCIA ARTIFICIAL,2,5,0.798,9.6,5,0,2,1.6,1.0,False,0
Estudiante 57,2024 - 2025 CII,"(2024, 2, 'CII')",CIENCIAS MATEMATICAS Y FISICAS,CIENCIA DE DATOS E INTELIGENCIA ARTIFICIAL,2,5,7.953999999999999,76.4,0,5,3,2.4,0.0,False,0
Estudiante 58,2024 - 2025 CII,"(2024, 2, 'CII')",CIENCIAS MATEMATICAS Y FISICAS,CIENCIA DE DATOS E INTELIGENCIA ARTIFICIAL,1,7,8.598571428571429,98.42857142857144,0,7,1,1.0,0.0,False,0
Estudiante 59,2024 - 2025 CII,"(2024, 2, 'CII')",CIENCIAS MATEMATICAS Y FISICAS,CIENCIA DE DATOS E INTELIGENCIA ARTIFICIAL,1,7,7.608571428571429,93.28571428571428,1,6,1,1.0,0.1428571428571428,False,0
Estudiante 6,2024 - 2025 CII,"(2024, 2, 'CII')",CIENCIAS MATEMATICAS Y FISICAS,CIENCIA DE DATOS E INTELIGENCIA ARTIFICIAL,1,7,9.248571428571427,98.42857142857144,0,7,1,1.0,0.0,False,0
Estudiante 60,2023 - 2024 CII,"(2023, 2, 'CII')",CIENCIAS MATEMATICAS Y FISICAS,CIENCIA DE DATOS E INTELIGENCIA ARTIFICIAL,1,7,6.3,96.0,3,4,1,1.0,0.4285714285714285,False,0
Estudiante 60,2024 - 2025 CI,"(2024, 1, 'CI')",CIENCIAS MATEMATICAS Y FISICAS,CIENCIA DE DATOS E INTELIGENCIA ARTIFICIAL,2,5,4.954,51.0,3,2,2,1.6,0.6,False,0
Estudiante 60,2024 - 2025 CII,"(2024, 2, 'CII')",CIENCIAS MATEMATICAS Y FISICAS,CIENCIA DE DATOS E INTELIGENCIA ARTIFICIAL,2,6,6.65,76.33333333333333,1,5,3,1.8333333333333333,0.1666666666666666,False,0
Estudiante 61,2024 - 2025 CII,"(2024, 2, 'CII')",CIENCIAS MATEMATICAS Y FISICAS,CIENCIA DE DATOS E INTELIGENCIA ARTIFICIAL,1,7,7.954285714285715,94.57142857142856,1,6,1,1.0,0.1428571428571428,True,1
Estudiante 62,2024 - 2025 CII,"(2024, 2, 'CII')",CIENCIAS MATEMATICAS Y FISICAS,CIENCIA DE DATOS E INTELIGENCIA ARTIFICIAL,1,7,0.6671428571428571,0.0,7,0,1,1.0,1.0,True,1
Estudiante 63,2024 - 2025 CII,"(2024, 2, 'CII')",CIENCIAS MATEMATICAS Y FISICAS,CIENCIA DE DATOS E INTELIGENCIA ARTIFICIAL,1,7,1.747142857142857,30.571428571428573,7,0,1,1.0,1.0,True,1
Estudiante 64,2024 - 2025 CII,"(2024, 2, 'CII')",CIENCIAS MATEMATICAS Y FISICAS,CIENCIA DE DATOS E INTELIGENCIA ARTIFICIAL,1,7,8.641428571428571,93.28571428571428,0,7,1,1.0,0.0,False,0
Estudiante 65,2024 - 2025 CII,"(2024, 2, 'CII')",CIENCIAS MATEMATICAS Y FISICAS,CIENCIA DE DATOS E INTELIGENCIA ARTIFICIAL,1,7,8.51142857142857,98.42857142857144,0,7,1,1.0,0.0,False,0
Estudiante 66,2024 - 2025 CII,"(2024, 2, 'CII')",CIENCIAS MATEMATICAS Y FISICAS,CIENCIA DE DATOS E INTELIGENCIA ARTIFICIAL,1,7,8.464285714285714,98.42857142857144,0,7,1,1.0,0.0,False,0
Estudiante 67,2024 - 2025 CII,"(2024, 2, 'CII')",CIENCIAS MATEMATICAS Y FISICAS,CIENCIA DE DATOS E INTELIGENCIA ARTIFICIAL,1,5,4.247999999999999,66.8,3,2,1,1.0,0.6,False,0
Estudiante 68,2024 - 2025 CII,"(2024, 2, 'CII')",CIENCIAS MATEMATICAS Y FISICAS,CIENCIA DE DATOS E INTELIGENCIA ARTIFICIAL,1,7,8.17,98.42857142857144,1,6,1,1.0,0.1428571428571428,False,0
Estudiante 69,2024 - 2025 CII,"(2024, 2, 'CII')",CIENCIAS MATEMATICAS Y FISICAS,CIENCIA DE DATOS E INTELIGENCIA ARTIFICIAL,1,7,5.927142857142857,93.85714285714286,5,2,1,1.0,0.7142857142857143,False,0
Estudiante 7,2024 - 2025 CII,"(2024, 2, 'CII')",CIENCIAS MATEMATICAS Y FISICAS,CIENCIA DE DATOS E INTELIGENCIA ARTIFICIAL,1,7,7.777142857142857,97.42857142857144,2,5,1,1.0,0.2857142857142857,False,0
Estudiante 70,2024 - 2025 CII,"(2024, 2, 'CII')",CIENCIAS MATEMATICAS Y FISICAS,CIENCIA DE DATOS E INTELIGENCIA ARTIFICIAL,1,7,7.698571428571428,96.14285714285714,2,5,1,1.0,0.2857142857142857,True,1
Estudiante 71,2024 - 2025 CII,"(2024, 2, 'CII')",CIENCIAS MATEMATICAS Y FISICAS,CIENCIA DE DATOS E INTELIGENCIA ARTIFICIAL,1,7,9.05,98.42857142857144,0,7,1,1.0,0.0,False,0
Estudiante 72,2024 - 2025 CII,"(2024, 2, 'CII')",CIENCIAS MATEMATICAS Y FISICAS,CIENCIA DE DATOS E INTELIGENCIA ARTIFICIAL,1,7,8.885714285714286,97.85714285714286,0,7,1,1.0,0.0,False,0
Estudiante 73,2024 - 2025 CII,"(2024, 2, 'CII')",CIENCIAS MATEMATICAS Y FISICAS,CIENCIA DE DATOS E INTELIGENCIA ARTIFICIAL,1,7,9.205714285714285,99.42857142857144,0,7,1,1.0,0.0,False,0
Estudiante 74,2024 - 2025 CII,"(2024, 2, 'CII')",CIENCIAS MATEMATICAS Y FISICAS,CIENCIA DE DATOS E INTELIGENCIA ARTIFICIAL,1,7,8.191428571428572,97.85714285714286,0,7,1,1.0,0.0,False,0
Estudiante 75,2024 - 2025 CII,"(2024, 2, 'CII')",CIENCIAS MATEMATICAS Y FISICAS,CIENCIA DE DATOS E INTELIGENCIA ARTIFICIAL,1,7,8.15,97.42857142857144,0,7,1,1.0,0.0,False,0
Estudiante 76,2024 - 2025 CII,"(2024, 2, 'CII')",CIENCIAS MATEMATICAS Y FISICAS,CIENCIA DE DATOS E INTELIGENCIA ARTIFICIAL,1,7,6.332857142857143,83.71428571428571,2,5,1,1.0,0.2857142857142857,False,0
Estudiante 77,2024 - 2025 CII,"(2024, 2, 'CII')",CIENCIAS MATEMATICAS Y FISICAS,CIENCIA DE DATOS E INTELIGENCIA ARTIFICIAL,1,7,0.0,0.0,7,0,1,1.0,1.0,True,1
Estudiante 78,2024 - 2025 CII,"(2024, 2, 'CII')",CIENCIAS MATEMATICAS Y FISICAS,CIENCIA DE DATOS E INTELIGENCIA ARTIFICIAL,1,7,0.4785714285714286,14.285714285714286,7,0,1,1.0,1.0,True,1
Estudiante 79,2024 - 2025 CII,"(2024, 2, 'CII')",CIENCIAS MATEMATICAS Y FISICAS,CIENCIA DE DATOS E INTELIGENCIA ARTIFICIAL,1,5,0.0,0.0,5,0,1,1.0,1.0,True,1
Estudiante 8,2024 - 2025 CII,"(2024, 2, 'CII')",CIENCIAS MATEMATICAS Y FISICAS,CIENCIA DE DATOS E INTELIGENCIA ARTIFICIAL,1,7,8.422857142857143,98.42857142857144,0,7,1,1.0,0.0,False,0
Estudiante 80,2024 - 2025 CI,"(2024, 1, 'CI')",CIENCIAS MATEMATICAS Y FISICAS,CIENCIA DE DATOS E INTELIGENCIA ARTIFICIAL,1,7,8.26142857142857,94.28571428571428,1,6,1,1.0,0.1428571428571428,False,0
Estudiante 80,2024 - 2025 CII,"(2024, 2, 'CII')",CIENCIAS MATEMATICAS Y FISICAS,CIENCIA DE DATOS E INTELIGENCIA ARTIFICIAL,2,4,8.9225,93.5,0,4,2,1.25,0.0,False,0
Estudiante 81,2023 - 2024 CII,"(2023, 2, 'CII')",CIENCIAS MATEMATICAS Y FISICAS,CIENCIA DE DATOS E INTELIGENCIA ARTIFICIAL,1,7,7.734285714285714,95.14285714285714,1,6,1,1.0,0.1428571428571428,False,0
Estudiante 81,2024 - 2025 CI,"(2024, 1, 'CI')",CIENCIAS MATEMATICAS Y FISICAS,CIENCIA DE DATOS E INTELIGENCIA ARTIFICIAL,2,6,6.2683333333333335,78.33333333333333,2,4,2,1.1666666666666667,0.3333333333333333,False,0
Estudiante 81,2024 - 2025 CII,"(2024, 2, 'CII')",CIENCIAS MATEMATICAS Y FISICAS,CIENCIA DE DATOS E INTELIGENCIA ARTIFICIAL,3,5,7.446,75.2,1,4,3,1.6,0.2,False,0
Estudiante 82,2024 - 2025 CI,"(2024, 1, 'CI')",CIENCIAS MATEMATICAS Y FISICAS,CIENCIA DE DATOS E INTELIGENCIA ARTIFICIAL,1,7,7.698571428571428,99.0,2,5,1,1.0,0.2857142857142857,False,0
Estudiante 82,2024 - 2025 CII,"(2024, 2, 'CII')",CIENCIAS MATEMATICAS Y FISICAS,CIENCIA DE DATOS E INTELIGENCIA ARTIFICIAL,2,4,7.3,96.75,2,2,2,1.5,0.5,True,1
Estudiante 83,2023 - 2024 CII,"(2023, 2, 'CII')",CIENCIAS MATEMATICAS Y FISICAS,CIENCIA DE DATOS E INTELIGENCIA ARTIFICIAL,1,7,7.85,96.0,1,6,1,1.0,0.1428571428571428,False,0
Estudiante 83,2024 - 2025 CI,"(2024, 1, 'CI')",CIENCIAS MATEMATICAS Y FISICAS,CIENCIA DE DATOS E INTELIGENCIA ARTIFICIAL,2,6,5.836666666666666,91.16666666666669,3,3,2,1.1666666666666667,0.5,False,0
Estudiante 83,2024 - 2025 CII,"(2024, 2, 'CII')",CIENCIAS MATEMATICAS Y FISICAS,CIENCIA DE DATOS E INTELIGENCIA ARTIFICIAL,3,4,7.2975,89.5,0,4,3,2.0,0.0,False,0
Estudiante 84,2023 - 2024 CII,"(2023, 2, 'CII')",CIENCIAS MATEMATICAS Y FISICAS,CIENCIA DE DATOS E INTELIGENCIA ARTIFICIAL,1,7,7.501428571428572,89.85714285714286,2,5,1,1.0,0.2857142857142857,False,0
Estudiante 84,2024 - 2025 CI,"(2024, 1, 'CI')",CIENCIAS MATEMATICAS Y FISICAS,CIENCIA DE DATOS E INTELIGENCIA ARTIFICIAL,2,5,8.092,73.0,0,5,2,1.2,0.0,False,0
Estudiante 84,2024 - 2025 CII,"(2024, 2, 'CII')",CIENCIAS MATEMATICAS Y FISICAS,CIENCIA DE DATOS E INTELIGENCIA ARTIFICIAL,3,5,8.744,95.4,0,5,2,1.2,0.0,False,0
Estudiante 85,2023 - 2024 CII,"(2023, 2, 'CII')",CIENCIAS MATEMATICAS Y FISICAS,CIENCIA DE DATOS E INTELIGENCIA ARTIFICIAL,1,6,7.971666666666667,77.5,1,5,1,1.0,0.1666666666666666,False,0
Estudiante 85,2024 - 2025 CI,"(2024, 1, 'CI')",CIENCIAS MATEMATICAS Y FISICAS,CIENCIA DE DATOS E INTELIGENCIA ARTIFICIAL,2,5,7.87,94.8,0,5,1,1.0,0.0,False,0
Estudiante 85,2024 - 2025 CII,"(2024, 2, 'CII')",CIENCIAS MATEMATICAS Y FISICAS,CIENCIA DE DATOS E INTELIGENCIA ARTIFICIAL,3,5,8.476,74.2,0,5,2,1.2,0.0,False,0
Estudiante 86,2024 - 2025 CI,"(2024, 1, 'CI')",CIENCIAS MATEMATICAS Y FISICAS,CIENCIA DE DATOS E INTELIGENCIA ARTIFICIAL,1,7,7.035714285714286,83.28571428571429,1,6,1,1.0,0.1428571428571428,False,0
Estudiante 86,2024 - 2025 CII,"(2024, 2, 'CII')",CIENCIAS MATEMATICAS Y FISICAS,CIENCIA DE DATOS E INTELIGENCIA ARTIFICIAL,2,3,0.0,0.0,3,0,2,1.3333333333333333,1.0,True,1
Estudiante 87,2024 - 2025 CII,"(2024, 2, 'CII')",CIENCIAS MATEMATICAS Y FISICAS,CIENCIA DE DATOS E INTELIGENCIA ARTIFICIAL,1,1,7.8,97.0,0,1,1,1.0,0.0,True,1
Estudiante 88,2024 - 2025 CI,"(2024, 1, 'CI')",CIENCIAS MATEMATICAS Y FISICAS,CIENCIA DE DATOS E INTELIGENCIA ARTIFICIAL,1,7,5.625714285714285,86.57142857142857,6,1,1,1.0,0.8571428571428571,False,0
Estudiante 88,2024 - 2025 CII,"(2024, 2, 'CII')",CIENCIAS MATEMATICAS Y FISICAS,CIENCIA DE DATOS E INTELIGENCIA ARTIFICIAL,1,2,7.745,98.0,1,1,2,2.0,0.5,False,0
Estudiante 89,2024 - 2025 CII,"(2024, 2, 'CII')",CIENCIAS MATEMATICAS Y FISICAS,CIENCIA DE DATOS E INTELIGENCIA ARTIFICIAL,1,1,8.99,94.0,0,1,1,1.0,0.0,True,1
Estudiante 9,2024 - 2025 CII,"(2024, 2, 'CII')",CIENCIAS MATEMATICAS Y FISICAS,CIENCIA DE DATOS E INTELIGENCIA ARTIFICIAL,1,7,0.0,0.0,7,0,1,1.0,1.0,True,1
Estudiante 90,2024 - 2025 CII,"(2024, 2, 'CII')",CIENCIAS MATEMATICAS Y FISICAS,CIENCIA DE DATOS E INTELIGENCIA ARTIFICIAL,1,1,0.0,0.0,1,0,1,1.0,1.0,True,1
Estudiante 91,2024 - 2025 CII,"(2024, 2, 'CII')",CIENCIAS MATEMATICAS Y FISICAS,CIENCIA DE DATOS E INTELIGENCIA ARTIFICIAL,1,1,0.0,0.0,1,0,1,1.0,1.0,False,0
Estudiante 92,2024 - 2025 CII,"(2024, 2, 'CII')",CIENCIAS MATEMATICAS Y FISICAS,CIENCIA DE DATOS E INTELIGENCIA ARTIFICIAL,1,1,4.72,90.0,1,0,1,1.0,1.0,True,1
Estudiante 93,2024 - 2025 CII,"(2024, 2, 'CII')",CIENCIAS MATEMATICAS Y FISICAS,CIENCIA DE DATOS E INTELIGENCIA ARTIFICIAL,1,1,0.0,0.0,1,0,1,1.0,1.0,True,1
Estudiante 94,2024 - 2025 CII,"(2024, 2, 'CII')",CIENCIAS MATEMATICAS Y FISICAS,CIENCIA DE DATOS E INTELIGENCIA ARTIFICIAL,1,1,3.79,50.0,1,0,1,1.0,1.0,True,1
Estudiante 95,2024 - 2025 CII,"(2024, 2, 'CII')",CIENCIAS MATEMATICAS Y FISICAS,CIENCIA DE DATOS E INTELIGENCIA ARTIFICIAL,1,1,0.0,0.0,1,0,2,2.0,1.0,True,1
Estudiante 96,2024 - 2025 CII,"(2024, 2, 'CII')",CIENCIAS MATEMATICAS Y FISICAS,CIENCIA DE DATOS E INTELIGENCIA ARTIFICIAL,1,1,7.0,100.0,0,1,1,1.0,0.0,True,1
Estudiante 97,2024 - 2025 CII,"(2024, 2, 'CII')",CIENCIAS MATEMATICAS Y FISICAS,CIENCIA DE DATOS E INTELIGENCIA ARTIFICIAL,1,1,0.0,0.0,1,0,1,1.0,1.0,True,1
Estudiante 98,2024 - 2025 CII,"(2024, 2, 'CII')",CIENCIAS MATEMATICAS Y FISICAS,CIENCIA DE DATOS E INTELIGENCIA ARTIFICIAL,1,1,0.0,0.0,1,0,2,2.0,1.0,True,1
Estudiante 99,2024 - 2025 CII,"(2024, 2, 'CII')",CIENCIAS MATEMATICAS Y FISICAS,CIENCIA DE DATOS E INTELIGENCIA ARTIFICIAL,1,1,9.5,100.0,0,1,1,1.0,0.0,True,1
